province,age,registered_2022
Abra,18,4816
Abra,19,4779
Abra,20,4705
Abra,21,4984
Abra,22,4672
Abra,23,4501
Abra,24,4568
Abra,25,4553
Abra,26,4458
Abra,27,4641
Abra,28,4626
Abra,29,4682
Abra,30,4499
Abra,31,4378
Abra,32,4068
Abra,33,3981
Abra,34,4126
Abra,35,3722
Abra,36,3651
Abra,37,3505
Abra,38,3499
Abra,39,3629
Abra,40,3584
Abra,41,3197
Abra,42,3377
Abra,43,3169
Abra,44,3065
Abra,45,2934
Abra,46,2684
Abra,47,2561
Abra,48,2594
Abra,49,2658
Abra,50,2515
Abra,51,2531
Abra,52,2672
Abra,53,2623
Abra,54,2413
Abra,55,2339
Abra,56,2361
Abra,57,2356
Abra,58,2331
Abra,59,2260
Abra,60_and_over,33429
Agusan Del Norte,18,12135
Agusan Del Norte,19,13684
Agusan Del Norte,20,14319
Agusan Del Norte,21,15302
Agusan Del Norte,22,15066
Agusan Del Norte,23,13551
Agusan Del Norte,24,13959
Agusan Del Norte,25,13018
Agusan Del Norte,26,13293
Agusan Del Norte,27,12922
Agusan Del Norte,28,12880
Agusan Del Norte,29,13049
Agusan Del Norte,30,12695
Agusan Del Norte,31,12859
Agusan Del Norte,32,12122
Agusan Del Norte,33,12193
Agusan Del Norte,34,11774
Agusan Del Norte,35,10651
Agusan Del Norte,36,9778
Agusan Del Norte,37,9697
Agusan Del Norte,38,9660
Agusan Del Norte,39,9366
Agusan Del Norte,40,8962
Agusan Del Norte,41,8823
Agusan Del Norte,42,9096
Agusan Del Norte,43,8499
Agusan Del Norte,44,8464
Agusan Del Norte,45,8022
Agusan Del Norte,46,7799
Agusan Del Norte,47,7415
Agusan Del Norte,48,7758
Agusan Del Norte,49,7672
Agusan Del Norte,50,7206
Agusan Del Norte,51,7222
Agusan Del Norte,52,7675
Agusan Del Norte,53,7497
Agusan Del Norte,54,6691
Agusan Del Norte,55,6797
Agusan Del Norte,56,6432
Agusan Del Norte,57,6568
Agusan Del Norte,58,6242
Agusan Del Norte,59,6417
Agusan Del Norte,60_and_over,76886
Agusan Del Sur,18,9941
Agusan Del Sur,19,12000
Agusan Del Sur,20,12743
Agusan Del Sur,21,13534
Agusan Del Sur,22,12593
Agusan Del Sur,23,11304
Agusan Del Sur,24,11969
Agusan Del Sur,25,11754
Agusan Del Sur,26,11857
Agusan Del Sur,27,12301
Agusan Del Sur,28,12241
Agusan Del Sur,29,11921
Agusan Del Sur,30,11826
Agusan Del Sur,31,11929
Agusan Del Sur,32,10890
Agusan Del Sur,33,11145
Agusan Del Sur,34,10896
Agusan Del Sur,35,9987
Agusan Del Sur,36,9290
Agusan Del Sur,37,9148
Agusan Del Sur,38,8834
Agusan Del Sur,39,8801
Agusan Del Sur,40,7908
Agusan Del Sur,41,7755
Agusan Del Sur,42,8056
Agusan Del Sur,43,7614
Agusan Del Sur,44,7434
Agusan Del Sur,45,6979
Agusan Del Sur,46,7026
Agusan Del Sur,47,7047
Agusan Del Sur,48,6687
Agusan Del Sur,49,7284
Agusan Del Sur,50,6396
Agusan Del Sur,51,6298
Agusan Del Sur,52,6969
Agusan Del Sur,53,6677
Agusan Del Sur,54,5833
Agusan Del Sur,55,5886
Agusan Del Sur,56,5530
Agusan Del Sur,57,5851
Agusan Del Sur,58,5527
Agusan Del Sur,59,5516
Agusan Del Sur,60_and_over,61451
Aklan,18,9084
Aklan,19,10346
Aklan,20,10578
Aklan,21,11208
Aklan,22,10836
Aklan,23,10442
Aklan,24,10893
Aklan,25,10217
Aklan,26,10340
Aklan,27,10477
Aklan,28,10279
Aklan,29,10079
Aklan,30,9950
Aklan,31,9891
Aklan,32,9515
Aklan,33,9098
Aklan,34,9027
Aklan,35,8581
Aklan,36,8235
Aklan,37,8144
Aklan,38,8052
Aklan,39,8094
Aklan,40,7927
Aklan,41,7993
Aklan,42,7955
Aklan,43,7315
Aklan,44,6940
Aklan,45,6802
Aklan,46,6495
Aklan,47,6058
Aklan,48,5940
Aklan,49,6404
Aklan,50,5957
Aklan,51,5864
Aklan,52,6063
Aklan,53,6041
Aklan,54,5520
Aklan,55,5513
Aklan,56,5283
Aklan,57,5256
Aklan,58,5048
Aklan,59,5045
Aklan,60_and_over,71153
Albay,18,22881
Albay,19,25806
Albay,20,25946
Albay,21,27974
Albay,22,26483
Albay,23,24359
Albay,24,25430
Albay,25,22941
Albay,26,23257
Albay,27,22742
Albay,28,22798
Albay,29,22131
Albay,30,21434
Albay,31,20657
Albay,32,19231
Albay,33,18445
Albay,34,18917
Albay,35,18113
Albay,36,17408
Albay,37,16474
Albay,38,16498
Albay,39,16840
Albay,40,16105
Albay,41,16494
Albay,42,16650
Albay,43,16020
Albay,44,14893
Albay,45,14882
Albay,46,14487
Albay,47,13549
Albay,48,13168
Albay,49,13878
Albay,50,12713
Albay,51,13196
Albay,52,13565
Albay,53,13118
Albay,54,12183
Albay,55,12341
Albay,56,11499
Albay,57,11622
Albay,58,10915
Albay,59,10778
Albay,60_and_over,141327
Antique,18,8239
Antique,19,10187
Antique,20,10913
Antique,21,11642
Antique,22,11407
Antique,23,10067
Antique,24,10471
Antique,25,9593
Antique,26,9894
Antique,27,9541
Antique,28,9516
Antique,29,9155
Antique,30,9083
Antique,31,8948
Antique,32,8384
Antique,33,8482
Antique,34,8172
Antique,35,8173
Antique,36,7216
Antique,37,7275
Antique,38,7048
Antique,39,7418
Antique,40,6892
Antique,41,6942
Antique,42,7003
Antique,43,6632
Antique,44,6483
Antique,45,6169
Antique,46,6084
Antique,47,5932
Antique,48,5943
Antique,49,6120
Antique,50,5537
Antique,51,5642
Antique,52,5855
Antique,53,5755
Antique,54,5569
Antique,55,5154
Antique,56,5199
Antique,57,5179
Antique,58,5152
Antique,59,5171
Antique,60_and_over,68761
Apayao,18,1510
Apayao,19,1777
Apayao,20,1828
Apayao,21,2175
Apayao,22,2116
Apayao,23,1933
Apayao,24,2158
Apayao,25,2015
Apayao,26,2028
Apayao,27,2214
Apayao,28,1920
Apayao,29,1974
Apayao,30,2023
Apayao,31,1942
Apayao,32,1790
Apayao,33,1704
Apayao,34,1666
Apayao,35,1580
Apayao,36,1510
Apayao,37,1568
Apayao,38,1547
Apayao,39,1537
Apayao,40,1403
Apayao,41,1423
Apayao,42,1550
Apayao,43,1417
Apayao,44,1398
Apayao,45,1397
Apayao,46,1315
Apayao,47,1346
Apayao,48,1249
Apayao,49,1415
Apayao,50,1212
Apayao,51,1175
Apayao,52,1305
Apayao,53,1175
Apayao,54,1054
Apayao,55,1035
Apayao,56,1019
Apayao,57,1121
Apayao,58,1062
Apayao,59,1043
Apayao,60_and_over,12825
Aurora,18,3600
Aurora,19,4047
Aurora,20,4315
Aurora,21,4630
Aurora,22,4408
Aurora,23,4140
Aurora,24,4178
Aurora,25,4026
Aurora,26,4085
Aurora,27,4057
Aurora,28,4094
Aurora,29,3972
Aurora,30,3747
Aurora,31,3765
Aurora,32,3774
Aurora,33,3456
Aurora,34,3493
Aurora,35,3092
Aurora,36,3198
Aurora,37,3020
Aurora,38,2948
Aurora,39,2943
Aurora,40,2736
Aurora,41,2840
Aurora,42,2815
Aurora,43,2783
Aurora,44,2651
Aurora,45,2611
Aurora,46,2481
Aurora,47,2539
Aurora,48,2454
Aurora,49,2622
Aurora,50,2382
Aurora,51,2371
Aurora,52,2540
Aurora,53,2336
Aurora,54,2206
Aurora,55,2090
Aurora,56,2110
Aurora,57,2049
Aurora,58,1997
Aurora,59,1969
Aurora,60_and_over,23118
Basilan,18,7296
Basilan,19,8714
Basilan,20,8053
Basilan,21,9469
Basilan,22,9152
Basilan,23,7922
Basilan,24,8806
Basilan,25,8546
Basilan,26,7710
Basilan,27,10329
Basilan,28,11393
Basilan,29,9338
Basilan,30,8050
Basilan,31,7467
Basilan,32,7117
Basilan,33,6802
Basilan,34,6498
Basilan,35,5732
Basilan,36,6409
Basilan,37,7011
Basilan,38,6165
Basilan,39,5797
Basilan,40,5174
Basilan,41,5392
Basilan,42,5808
Basilan,43,5064
Basilan,44,4790
Basilan,45,4294
Basilan,46,4575
Basilan,47,4543
Basilan,48,4188
Basilan,49,4827
Basilan,50,4152
Basilan,51,3872
Basilan,52,4550
Basilan,53,4137
Basilan,54,3939
Basilan,55,3192
Basilan,56,3312
Basilan,57,3509
Basilan,58,3180
Basilan,59,3327
Basilan,60_and_over,37721
Bataan,18,10782
Bataan,19,13411
Bataan,20,14352
Bataan,21,15500
Bataan,22,14757
Bataan,23,14256
Bataan,24,15456
Bataan,25,15013
Bataan,26,14859
Bataan,27,14587
Bataan,28,14146
Bataan,29,14062
Bataan,30,13908
Bataan,31,14030
Bataan,32,13575
Bataan,33,12436
Bataan,34,13022
Bataan,35,12444
Bataan,36,11749
Bataan,37,11734
Bataan,38,11653
Bataan,39,11622
Bataan,40,11541
Bataan,41,11569
Bataan,42,11448
Bataan,43,11179
Bataan,44,10439
Bataan,45,10073
Bataan,46,9729
Bataan,47,8860
Bataan,48,8655
Bataan,49,8847
Bataan,50,8607
Bataan,51,8918
Bataan,52,9233
Bataan,53,8775
Bataan,54,8137
Bataan,55,7617
Bataan,56,7691
Bataan,57,7579
Bataan,58,7134
Bataan,59,7329
Bataan,60_and_over,85765
Batanes,18,320
Batanes,19,329
Batanes,20,341
Batanes,21,360
Batanes,22,323
Batanes,23,287
Batanes,24,330
Batanes,25,332
Batanes,26,352
Batanes,27,341
Batanes,28,335
Batanes,29,320
Batanes,30,322
Batanes,31,303
Batanes,32,312
Batanes,33,264
Batanes,34,264
Batanes,35,264
Batanes,36,251
Batanes,37,265
Batanes,38,264
Batanes,39,255
Batanes,40,266
Batanes,41,230
Batanes,42,243
Batanes,43,276
Batanes,44,226
Batanes,45,243
Batanes,46,228
Batanes,47,246
Batanes,48,243
Batanes,49,264
Batanes,50,224
Batanes,51,251
Batanes,52,210
Batanes,53,221
Batanes,54,201
Batanes,55,209
Batanes,56,186
Batanes,57,199
Batanes,58,198
Batanes,59,170
Batanes,60_and_over,2552
Batangas,18,33408
Batangas,19,43976
Batangas,20,46054
Batangas,21,49839
Batangas,22,48481
Batangas,23,46936
Batangas,24,49686
Batangas,25,49008
Batangas,26,48821
Batangas,27,48408
Batangas,28,47673
Batangas,29,46693
Batangas,30,45958
Batangas,31,44659
Batangas,32,42413
Batangas,33,39197
Batangas,34,41192
Batangas,35,39144
Batangas,36,37447
Batangas,37,37575
Batangas,38,37393
Batangas,39,37946
Batangas,40,37699
Batangas,41,37937
Batangas,42,36533
Batangas,43,35892
Batangas,44,33779
Batangas,45,32839
Batangas,46,32095
Batangas,47,29761
Batangas,48,30316
Batangas,49,28767
Batangas,50,28571
Batangas,51,28177
Batangas,52,29092
Batangas,53,27114
Batangas,54,25597
Batangas,55,24666
Batangas,56,23536
Batangas,57,22972
Batangas,58,21981
Batangas,59,21833
Batangas,60_and_over,268007
Benguet,18,5482
Benguet,19,8263
Benguet,20,8839
Benguet,21,10139
Benguet,22,9916
Benguet,23,9813
Benguet,24,10045
Benguet,25,10108
Benguet,26,10161
Benguet,27,10472
Benguet,28,10341
Benguet,29,10393
Benguet,30,10535
Benguet,31,10382
Benguet,32,10236
Benguet,33,9843
Benguet,34,9950
Benguet,35,9331
Benguet,36,8739
Benguet,37,8906
Benguet,38,8920
Benguet,39,9043
Benguet,40,8507
Benguet,41,8585
Benguet,42,8321
Benguet,43,8052
Benguet,44,7575
Benguet,45,7095
Benguet,46,6915
Benguet,47,6445
Benguet,48,6471
Benguet,49,6596
Benguet,50,6373
Benguet,51,6465
Benguet,52,6717
Benguet,53,6518
Benguet,54,6241
Benguet,55,6083
Benguet,56,5933
Benguet,57,6073
Benguet,58,5909
Benguet,59,5869
Benguet,60_and_over,65374
Biliran,18,3188
Biliran,19,3425
Biliran,20,3535
Biliran,21,3883
Biliran,22,3575
Biliran,23,3519
Biliran,24,3510
Biliran,25,3334
Biliran,26,3288
Biliran,27,3180
Biliran,28,3123
Biliran,29,3036
Biliran,30,2910
Biliran,31,2977
Biliran,32,2503
Biliran,33,2601
Biliran,34,2463
Biliran,35,2393
Biliran,36,2127
Biliran,37,2167
Biliran,38,2116
Biliran,39,2202
Biliran,40,2115
Biliran,41,2087
Biliran,42,1954
Biliran,43,2010
Biliran,44,1996
Biliran,45,1964
Biliran,46,2004
Biliran,47,1824
Biliran,48,1972
Biliran,49,1834
Biliran,50,1729
Biliran,51,1849
Biliran,52,1865
Biliran,53,1830
Biliran,54,1633
Biliran,55,1727
Biliran,56,1627
Biliran,57,1570
Biliran,58,1634
Biliran,59,1616
Biliran,60_and_over,21337
Bohol,18,23713
Bohol,19,25540
Bohol,20,25987
Bohol,21,28046
Bohol,22,27129
Bohol,23,23581
Bohol,24,25003
Bohol,25,22828
Bohol,26,22812
Bohol,27,22938
Bohol,28,23014
Bohol,29,22363
Bohol,30,22172
Bohol,31,21420
Bohol,32,21200
Bohol,33,20836
Bohol,34,19444
Bohol,35,18853
Bohol,36,17350
Bohol,37,17603
Bohol,38,16798
Bohol,39,17573
Bohol,40,16708
Bohol,41,16628
Bohol,42,16657
Bohol,43,15924
Bohol,44,15819
Bohol,45,15217
Bohol,46,14894
Bohol,47,14832
Bohol,48,14432
Bohol,49,14484
Bohol,50,14242
Bohol,51,14512
Bohol,52,14454
Bohol,53,13997
Bohol,54,13255
Bohol,55,12859
Bohol,56,12546
Bohol,57,12720
Bohol,58,12414
Bohol,59,12216
Bohol,60_and_over,174778
Bukidnon,18,20311
Bukidnon,19,24184
Bukidnon,20,25864
Bukidnon,21,27684
Bukidnon,22,27484
Bukidnon,23,25130
Bukidnon,24,26342
Bukidnon,25,26216
Bukidnon,26,26144
Bukidnon,27,26617
Bukidnon,28,26713
Bukidnon,29,25355
Bukidnon,30,26088
Bukidnon,31,25637
Bukidnon,32,24212
Bukidnon,33,24268
Bukidnon,34,23362
Bukidnon,35,21610
Bukidnon,36,19833
Bukidnon,37,19349
Bukidnon,38,19154
Bukidnon,39,18920
Bukidnon,40,17624
Bukidnon,41,17269
Bukidnon,42,18189
Bukidnon,43,17055
Bukidnon,44,16699
Bukidnon,45,15675
Bukidnon,46,15772
Bukidnon,47,15417
Bukidnon,48,14054
Bukidnon,49,15035
Bukidnon,50,13704
Bukidnon,51,13934
Bukidnon,52,14289
Bukidnon,53,13640
Bukidnon,54,12528
Bukidnon,55,12007
Bukidnon,56,11723
Bukidnon,57,11750
Bukidnon,58,11334
Bukidnon,59,11100
Bukidnon,60_and_over,125563
Bulacan,18,30148
Bulacan,19,42396
Bulacan,20,46207
Bulacan,21,51105
Bulacan,22,50855
Bulacan,23,48621
Bulacan,24,52607
Bulacan,25,52773
Bulacan,26,51686
Bulacan,27,51426
Bulacan,28,50646
Bulacan,29,50181
Bulacan,30,49163
Bulacan,31,49145
Bulacan,32,46356
Bulacan,33,43593
Bulacan,34,44098
Bulacan,35,41953
Bulacan,36,40265
Bulacan,37,40484
Bulacan,38,40235
Bulacan,39,40986
Bulacan,40,40995
Bulacan,41,41845
Bulacan,42,41602
Bulacan,43,40253
Bulacan,44,38983
Bulacan,45,37289
Bulacan,46,36111
Bulacan,47,34152
Bulacan,48,33130
Bulacan,49,34204
Bulacan,50,33177
Bulacan,51,34305
Bulacan,52,34978
Bulacan,53,33192
Bulacan,54,30788
Bulacan,55,29550
Bulacan,56,29154
Bulacan,57,28202
Bulacan,58,27124
Bulacan,59,26323
Bulacan,60_and_over,307237
Cagayan,18,14008
Cagayan,19,17592
Cagayan,20,18988
Cagayan,21,20723
Cagayan,22,20054
Cagayan,23,18701
Cagayan,24,20032
Cagayan,25,20152
Cagayan,26,19751
Cagayan,27,19790
Cagayan,28,19111
Cagayan,29,18743
Cagayan,30,18186
Cagayan,31,17881
Cagayan,32,17128
Cagayan,33,16038
Cagayan,34,15886
Cagayan,35,15087
Cagayan,36,14892
Cagayan,37,14516
Cagayan,38,14399
Cagayan,39,14619
Cagayan,40,14283
Cagayan,41,13972
Cagayan,42,14609
Cagayan,43,13814
Cagayan,44,13736
Cagayan,45,13164
Cagayan,46,12815
Cagayan,47,12602
Cagayan,48,12114
Cagayan,49,12767
Cagayan,50,12069
Cagayan,51,12117
Cagayan,52,12413
Cagayan,53,12125
Cagayan,54,10946
Cagayan,55,10849
Cagayan,56,10495
Cagayan,57,10770
Cagayan,58,10963
Cagayan,59,11131
Cagayan,60_and_over,131987
Camarines Norte,18,9554
Camarines Norte,19,11039
Camarines Norte,20,11141
Camarines Norte,21,11875
Camarines Norte,22,11216
Camarines Norte,23,10659
Camarines Norte,24,10493
Camarines Norte,25,10413
Camarines Norte,26,10428
Camarines Norte,27,9977
Camarines Norte,28,9807
Camarines Norte,29,9674
Camarines Norte,30,9460
Camarines Norte,31,9530
Camarines Norte,32,8657
Camarines Norte,33,8715
Camarines Norte,34,8556
Camarines Norte,35,7857
Camarines Norte,36,7484
Camarines Norte,37,7368
Camarines Norte,38,7213
Camarines Norte,39,7208
Camarines Norte,40,7011
Camarines Norte,41,6985
Camarines Norte,42,7203
Camarines Norte,43,6761
Camarines Norte,44,6540
Camarines Norte,45,6273
Camarines Norte,46,6359
Camarines Norte,47,6071
Camarines Norte,48,5661
Camarines Norte,49,5876
Camarines Norte,50,5716
Camarines Norte,51,5765
Camarines Norte,52,6065
Camarines Norte,53,5914
Camarines Norte,54,5423
Camarines Norte,55,5441
Camarines Norte,56,5213
Camarines Norte,57,5076
Camarines Norte,58,4826
Camarines Norte,59,4887
Camarines Norte,60_and_over,57481
Camarines Sur,18,34387
Camarines Sur,19,41239
Camarines Sur,20,39848
Camarines Sur,21,42977
Camarines Sur,22,39880
Camarines Sur,23,37312
Camarines Sur,24,38306
Camarines Sur,25,34686
Camarines Sur,26,35322
Camarines Sur,27,34357
Camarines Sur,28,34235
Camarines Sur,29,32829
Camarines Sur,30,32452
Camarines Sur,31,30956
Camarines Sur,32,29189
Camarines Sur,33,28091
Camarines Sur,34,29010
Camarines Sur,35,27365
Camarines Sur,36,26249
Camarines Sur,37,24578
Camarines Sur,38,24415
Camarines Sur,39,24542
Camarines Sur,40,23437
Camarines Sur,41,23853
Camarines Sur,42,24130
Camarines Sur,43,22493
Camarines Sur,44,21621
Camarines Sur,45,21426
Camarines Sur,46,20666
Camarines Sur,47,19905
Camarines Sur,48,18628
Camarines Sur,49,19885
Camarines Sur,50,17802
Camarines Sur,51,18692
Camarines Sur,52,19079
Camarines Sur,53,18468
Camarines Sur,54,16937
Camarines Sur,55,17230
Camarines Sur,56,16516
Camarines Sur,57,16402
Camarines Sur,58,15956
Camarines Sur,59,15512
Camarines Sur,60_and_over,196690
Camiguin,18,1436
Camiguin,19,1674
Camiguin,20,1682
Camiguin,21,1758
Camiguin,22,1823
Camiguin,23,1637
Camiguin,24,1607
Camiguin,25,1512
Camiguin,26,1566
Camiguin,27,1590
Camiguin,28,1551
Camiguin,29,1529
Camiguin,30,1475
Camiguin,31,1475
Camiguin,32,1384
Camiguin,33,1450
Camiguin,34,1338
Camiguin,35,1189
Camiguin,36,1159
Camiguin,37,1186
Camiguin,38,1140
Camiguin,39,1186
Camiguin,40,1071
Camiguin,41,1113
Camiguin,42,1144
Camiguin,43,1157
Camiguin,44,1090
Camiguin,45,1047
Camiguin,46,1018
Camiguin,47,922
Camiguin,48,990
Camiguin,49,1021
Camiguin,50,1018
Camiguin,51,1025
Camiguin,52,1003
Camiguin,53,996
Camiguin,54,952
Camiguin,55,967
Camiguin,56,926
Camiguin,57,936
Camiguin,58,930
Camiguin,59,921
Camiguin,60_and_over,11496
Capiz,18,11116
Capiz,19,13293
Capiz,20,13776
Capiz,21,14922
Capiz,22,14673
Capiz,23,13399
Capiz,24,13929
Capiz,25,13060
Capiz,26,13123
Capiz,27,12933
Capiz,28,12954
Capiz,29,12282
Capiz,30,12346
Capiz,31,11988
Capiz,32,11422
Capiz,33,11154
Capiz,34,10984
Capiz,35,10353
Capiz,36,9435
Capiz,37,9769
Capiz,38,9559
Capiz,39,10024
Capiz,40,9615
Capiz,41,9279
Capiz,42,9631
Capiz,43,9134
Capiz,44,8812
Capiz,45,8752
Capiz,46,8553
Capiz,47,8252
Capiz,48,7757
Capiz,49,8299
Capiz,50,7855
Capiz,51,8025
Capiz,52,8245
Capiz,53,8126
Capiz,54,7808
Capiz,55,7279
Capiz,56,7341
Capiz,57,7358
Capiz,58,7187
Capiz,59,7049
Capiz,60_and_over,98228
Catanduanes,18,5736
Catanduanes,19,5975
Catanduanes,20,6014
Catanduanes,21,6475
Catanduanes,22,6040
Catanduanes,23,5697
Catanduanes,24,6096
Catanduanes,25,5397
Catanduanes,26,5523
Catanduanes,27,5540
Catanduanes,28,5311
Catanduanes,29,5125
Catanduanes,30,4988
Catanduanes,31,4780
Catanduanes,32,4321
Catanduanes,33,4205
Catanduanes,34,4254
Catanduanes,35,3779
Catanduanes,36,3808
Catanduanes,37,3581
Catanduanes,38,3454
Catanduanes,39,3511
Catanduanes,40,3468
Catanduanes,41,3398
Catanduanes,42,3354
Catanduanes,43,3216
Catanduanes,44,3068
Catanduanes,45,3151
Catanduanes,46,2909
Catanduanes,47,2909
Catanduanes,48,2964
Catanduanes,49,2762
Catanduanes,50,2587
Catanduanes,51,2820
Catanduanes,52,2873
Catanduanes,53,2831
Catanduanes,54,2630
Catanduanes,55,2667
Catanduanes,56,2496
Catanduanes,57,2501
Catanduanes,58,2416
Catanduanes,59,2359
Catanduanes,60_and_over,31883
Cavite,18,31138
Cavite,19,47045
Cavite,20,50941
Cavite,21,57492
Cavite,22,57562
Cavite,23,55852
Cavite,24,60606
Cavite,25,60686
Cavite,26,59877
Cavite,27,58528
Cavite,28,58111
Cavite,29,58314
Cavite,30,56851
Cavite,31,56927
Cavite,32,54618
Cavite,33,51875
Cavite,34,53885
Cavite,35,52320
Cavite,36,50001
Cavite,37,49419
Cavite,38,49745
Cavite,39,49876
Cavite,40,49285
Cavite,41,50508
Cavite,42,50254
Cavite,43,48439
Cavite,44,45780
Cavite,45,44048
Cavite,46,42310
Cavite,47,39655
Cavite,48,39113
Cavite,49,39158
Cavite,50,37618
Cavite,51,37520
Cavite,52,38725
Cavite,53,35947
Cavite,54,33820
Cavite,55,32134
Cavite,56,31958
Cavite,57,31047
Cavite,58,29611
Cavite,59,28580
Cavite,60_and_over,335174
Cebu,18,59779
Cebu,19,78740
Cebu,20,83156
Cebu,21,90918
Cebu,22,90071
Cebu,23,84345
Cebu,24,89267
Cebu,25,87370
Cebu,26,89752
Cebu,27,89705
Cebu,28,88988
Cebu,29,87267
Cebu,30,86344
Cebu,31,87296
Cebu,32,82514
Cebu,33,81868
Cebu,34,77984
Cebu,35,73746
Cebu,36,66361
Cebu,37,67326
Cebu,38,67758
Cebu,39,68463
Cebu,40,65633
Cebu,41,65713
Cebu,42,63661
Cebu,43,60936
Cebu,44,59006
Cebu,45,56010
Cebu,46,55132
Cebu,47,52234
Cebu,48,50962
Cebu,49,50917
Cebu,50,49226
Cebu,51,49883
Cebu,52,49590
Cebu,53,46363
Cebu,54,44142
Cebu,55,42225
Cebu,56,41103
Cebu,57,41144
Cebu,58,39038
Cebu,59,38910
Cebu,60_and_over,487932
Cotabato (North Cotabato),18,13694
Cotabato (North Cotabato),19,18159
Cotabato (North Cotabato),20,19422
Cotabato (North Cotabato),21,20996
Cotabato (North Cotabato),22,21200
Cotabato (North Cotabato),23,18728
Cotabato (North Cotabato),24,20269
Cotabato (North Cotabato),25,20656
Cotabato (North Cotabato),26,20555
Cotabato (North Cotabato),27,21024
Cotabato (North Cotabato),28,21373
Cotabato (North Cotabato),29,20130
Cotabato (North Cotabato),30,20086
Cotabato (North Cotabato),31,20064
Cotabato (North Cotabato),32,19112
Cotabato (North Cotabato),33,18660
Cotabato (North Cotabato),34,18378
Cotabato (North Cotabato),35,17476
Cotabato (North Cotabato),36,16549
Cotabato (North Cotabato),37,16899
Cotabato (North Cotabato),38,15943
Cotabato (North Cotabato),39,15848
Cotabato (North Cotabato),40,14671
Cotabato (North Cotabato),41,14694
Cotabato (North Cotabato),42,15112
Cotabato (North Cotabato),43,14742
Cotabato (North Cotabato),44,13640
Cotabato (North Cotabato),45,13378
Cotabato (North Cotabato),46,13344
Cotabato (North Cotabato),47,13261
Cotabato (North Cotabato),48,12158
Cotabato (North Cotabato),49,13215
Cotabato (North Cotabato),50,11606
Cotabato (North Cotabato),51,11727
Cotabato (North Cotabato),52,12656
Cotabato (North Cotabato),53,11801
Cotabato (North Cotabato),54,11169
Cotabato (North Cotabato),55,10286
Cotabato (North Cotabato),56,9923
Cotabato (North Cotabato),57,10222
Cotabato (North Cotabato),58,9699
Cotabato (North Cotabato),59,9228
Cotabato (North Cotabato),60_and_over,109453
Davao (Davao Del Norte),18,12466
Davao (Davao Del Norte),19,16579
Davao (Davao Del Norte),20,17342
Davao (Davao Del Norte),21,18320
Davao (Davao Del Norte),22,18119
Davao (Davao Del Norte),23,17267
Davao (Davao Del Norte),24,18070
Davao (Davao Del Norte),25,17441
Davao (Davao Del Norte),26,18205
Davao (Davao Del Norte),27,17967
Davao (Davao Del Norte),28,18080
Davao (Davao Del Norte),29,18386
Davao (Davao Del Norte),30,17912
Davao (Davao Del Norte),31,18100
Davao (Davao Del Norte),32,17470
Davao (Davao Del Norte),33,17017
Davao (Davao Del Norte),34,17577
Davao (Davao Del Norte),35,16232
Davao (Davao Del Norte),36,15214
Davao (Davao Del Norte),37,14984
Davao (Davao Del Norte),38,14497
Davao (Davao Del Norte),39,14348
Davao (Davao Del Norte),40,13851
Davao (Davao Del Norte),41,13787
Davao (Davao Del Norte),42,13931
Davao (Davao Del Norte),43,13237
Davao (Davao Del Norte),44,12746
Davao (Davao Del Norte),45,12386
Davao (Davao Del Norte),46,12069
Davao (Davao Del Norte),47,11628
Davao (Davao Del Norte),48,11147
Davao (Davao Del Norte),49,11153
Davao (Davao Del Norte),50,10353
Davao (Davao Del Norte),51,10754
Davao (Davao Del Norte),52,10729
Davao (Davao Del Norte),53,10314
Davao (Davao Del Norte),54,9468
Davao (Davao Del Norte),55,9021
Davao (Davao Del Norte),56,8792
Davao (Davao Del Norte),57,8871
Davao (Davao Del Norte),58,8513
Davao (Davao Del Norte),59,8406
Davao (Davao Del Norte),60_and_over,97499
Davao De Oro (Compostela Valley),18,10885
Davao De Oro (Compostela Valley),19,13006
Davao De Oro (Compostela Valley),20,13561
Davao De Oro (Compostela Valley),21,14230
Davao De Oro (Compostela Valley),22,13767
Davao De Oro (Compostela Valley),23,12912
Davao De Oro (Compostela Valley),24,13548
Davao De Oro (Compostela Valley),25,12986
Davao De Oro (Compostela Valley),26,13621
Davao De Oro (Compostela Valley),27,13783
Davao De Oro (Compostela Valley),28,13712
Davao De Oro (Compostela Valley),29,13795
Davao De Oro (Compostela Valley),30,13564
Davao De Oro (Compostela Valley),31,13385
Davao De Oro (Compostela Valley),32,12627
Davao De Oro (Compostela Valley),33,12931
Davao De Oro (Compostela Valley),34,12690
Davao De Oro (Compostela Valley),35,11840
Davao De Oro (Compostela Valley),36,10808
Davao De Oro (Compostela Valley),37,10431
Davao De Oro (Compostela Valley),38,10308
Davao De Oro (Compostela Valley),39,10007
Davao De Oro (Compostela Valley),40,9545
Davao De Oro (Compostela Valley),41,9394
Davao De Oro (Compostela Valley),42,9699
Davao De Oro (Compostela Valley),43,9040
Davao De Oro (Compostela Valley),44,8763
Davao De Oro (Compostela Valley),45,8435
Davao De Oro (Compostela Valley),46,8348
Davao De Oro (Compostela Valley),47,8192
Davao De Oro (Compostela Valley),48,8117
Davao De Oro (Compostela Valley),49,8477
Davao De Oro (Compostela Valley),50,7611
Davao De Oro (Compostela Valley),51,7588
Davao De Oro (Compostela Valley),52,8193
Davao De Oro (Compostela Valley),53,8024
Davao De Oro (Compostela Valley),54,7207
Davao De Oro (Compostela Valley),55,6808
Davao De Oro (Compostela Valley),56,6695
Davao De Oro (Compostela Valley),57,6690
Davao De Oro (Compostela Valley),58,6379
Davao De Oro (Compostela Valley),59,6194
Davao De Oro (Compostela Valley),60_and_over,70425
Davao Del Sur,18,15211
Davao Del Sur,19,23196
Davao Del Sur,20,27090
Davao Del Sur,21,32178
Davao Del Sur,22,33345
Davao Del Sur,23,32057
Davao Del Sur,24,35497
Davao Del Sur,25,36979
Davao Del Sur,26,37505
Davao Del Sur,27,38128
Davao Del Sur,28,37882
Davao Del Sur,29,37789
Davao Del Sur,30,38651
Davao Del Sur,31,38511
Davao Del Sur,32,38425
Davao Del Sur,33,37273
Davao Del Sur,34,37505
Davao Del Sur,35,35247
Davao Del Sur,36,32439
Davao Del Sur,37,32887
Davao Del Sur,38,32238
Davao Del Sur,39,31343
Davao Del Sur,40,30343
Davao Del Sur,41,29847
Davao Del Sur,42,29985
Davao Del Sur,43,28511
Davao Del Sur,44,27479
Davao Del Sur,45,26530
Davao Del Sur,46,26287
Davao Del Sur,47,25013
Davao Del Sur,48,24360
Davao Del Sur,49,24738
Davao Del Sur,50,23147
Davao Del Sur,51,23328
Davao Del Sur,52,23911
Davao Del Sur,53,22244
Davao Del Sur,54,20790
Davao Del Sur,55,19730
Davao Del Sur,56,19313
Davao Del Sur,57,19425
Davao Del Sur,58,18518
Davao Del Sur,59,17900
Davao Del Sur,60_and_over,226836
Davao Occidental,18,3461
Davao Occidental,19,3961
Davao Occidental,20,4189
Davao Occidental,21,5071
Davao Occidental,22,4775
Davao Occidental,23,4261
Davao Occidental,24,4834
Davao Occidental,25,4752
Davao Occidental,26,4574
Davao Occidental,27,5820
Davao Occidental,28,5348
Davao Occidental,29,4841
Davao Occidental,30,5560
Davao Occidental,31,5186
Davao Occidental,32,4819
Davao Occidental,33,5200
Davao Occidental,34,4754
Davao Occidental,35,4219
Davao Occidental,36,4392
Davao Occidental,37,4459
Davao Occidental,38,4089
Davao Occidental,39,4080
Davao Occidental,40,3680
Davao Occidental,41,3555
Davao Occidental,42,3851
Davao Occidental,43,3818
Davao Occidental,44,3661
Davao Occidental,45,3371
Davao Occidental,46,3544
Davao Occidental,47,3583
Davao Occidental,48,3395
Davao Occidental,49,3574
Davao Occidental,50,2881
Davao Occidental,51,2895
Davao Occidental,52,3216
Davao Occidental,53,3117
Davao Occidental,54,2787
Davao Occidental,55,2479
Davao Occidental,56,2500
Davao Occidental,57,2662
Davao Occidental,58,2575
Davao Occidental,59,2460
Davao Occidental,60_and_over,26171
Davao Oriental,18,8979
Davao Oriental,19,10442
Davao Oriental,20,10736
Davao Oriental,21,11949
Davao Oriental,22,11328
Davao Oriental,23,10578
Davao Oriental,24,11374
Davao Oriental,25,10464
Davao Oriental,26,10378
Davao Oriental,27,10785
Davao Oriental,28,10070
Davao Oriental,29,9954
Davao Oriental,30,9979
Davao Oriental,31,9831
Davao Oriental,32,9380
Davao Oriental,33,9360
Davao Oriental,34,9046
Davao Oriental,35,8118
Davao Oriental,36,8000
Davao Oriental,37,7792
Davao Oriental,38,7433
Davao Oriental,39,7412
Davao Oriental,40,6944
Davao Oriental,41,6697
Davao Oriental,42,7526
Davao Oriental,43,6959
Davao Oriental,44,6769
Davao Oriental,45,6477
Davao Oriental,46,6573
Davao Oriental,47,6707
Davao Oriental,48,6185
Davao Oriental,49,6689
Davao Oriental,50,5914
Davao Oriental,51,5701
Davao Oriental,52,6546
Davao Oriental,53,5954
Davao Oriental,54,5364
Davao Oriental,55,5405
Davao Oriental,56,5311
Davao Oriental,57,5402
Davao Oriental,58,5284
Davao Oriental,59,4976
Davao Oriental,60_and_over,58980
Dinagat Islands,18,2056
Dinagat Islands,19,2151
Dinagat Islands,20,2205
Dinagat Islands,21,2300
Dinagat Islands,22,2156
Dinagat Islands,23,2044
Dinagat Islands,24,2202
Dinagat Islands,25,1892
Dinagat Islands,26,2067
Dinagat Islands,27,1884
Dinagat Islands,28,1956
Dinagat Islands,29,1896
Dinagat Islands,30,1888
Dinagat Islands,31,1972
Dinagat Islands,32,1754
Dinagat Islands,33,1765
Dinagat Islands,34,1562
Dinagat Islands,35,1483
Dinagat Islands,36,1340
Dinagat Islands,37,1334
Dinagat Islands,38,1430
Dinagat Islands,39,1396
Dinagat Islands,40,1218
Dinagat Islands,41,1201
Dinagat Islands,42,1305
Dinagat Islands,43,1229
Dinagat Islands,44,1158
Dinagat Islands,45,1208
Dinagat Islands,46,1158
Dinagat Islands,47,1206
Dinagat Islands,48,1276
Dinagat Islands,49,1194
Dinagat Islands,50,1132
Dinagat Islands,51,1215
Dinagat Islands,52,1320
Dinagat Islands,53,1232
Dinagat Islands,54,1194
Dinagat Islands,55,1066
Dinagat Islands,56,1059
Dinagat Islands,57,1172
Dinagat Islands,58,1062
Dinagat Islands,59,1069
Dinagat Islands,60_and_over,16681
Eastern Samar,18,9688
Eastern Samar,19,10183
Eastern Samar,20,10252
Eastern Samar,21,10993
Eastern Samar,22,10604
Eastern Samar,23,10242
Eastern Samar,24,10435
Eastern Samar,25,9708
Eastern Samar,26,9456
Eastern Samar,27,9446
Eastern Samar,28,8815
Eastern Samar,29,8552
Eastern Samar,30,8436
Eastern Samar,31,8549
Eastern Samar,32,7337
Eastern Samar,33,7408
Eastern Samar,34,7274
Eastern Samar,35,6767
Eastern Samar,36,6225
Eastern Samar,37,6150
Eastern Samar,38,6070
Eastern Samar,39,6133
Eastern Samar,40,5861
Eastern Samar,41,5549
Eastern Samar,42,5747
Eastern Samar,43,5681
Eastern Samar,44,5465
Eastern Samar,45,5373
Eastern Samar,46,5346
Eastern Samar,47,5197
Eastern Samar,48,5189
Eastern Samar,49,5166
Eastern Samar,50,5036
Eastern Samar,51,4826
Eastern Samar,52,4995
Eastern Samar,53,4870
Eastern Samar,54,4412
Eastern Samar,55,4394
Eastern Samar,56,4245
Eastern Samar,57,4390
Eastern Samar,58,4206
Eastern Samar,59,4140
Eastern Samar,60_and_over,58805
Guimaras,18,2593
Guimaras,19,2960
Guimaras,20,3155
Guimaras,21,3405
Guimaras,22,3319
Guimaras,23,2908
Guimaras,24,3135
Guimaras,25,3051
Guimaras,26,3073
Guimaras,27,3138
Guimaras,28,2869
Guimaras,29,3014
Guimaras,30,2960
Guimaras,31,2954
Guimaras,32,2739
Guimaras,33,2883
Guimaras,34,2853
Guimaras,35,2651
Guimaras,36,2466
Guimaras,37,2499
Guimaras,38,2497
Guimaras,39,2528
Guimaras,40,2330
Guimaras,41,2314
Guimaras,42,2273
Guimaras,43,2185
Guimaras,44,2087
Guimaras,45,2001
Guimaras,46,2073
Guimaras,47,1951
Guimaras,48,1888
Guimaras,49,1986
Guimaras,50,1920
Guimaras,51,1920
Guimaras,52,1843
Guimaras,53,1874
Guimaras,54,1721
Guimaras,55,1653
Guimaras,56,1595
Guimaras,57,1754
Guimaras,58,1655
Guimaras,59,1575
Guimaras,60_and_over,21828
Ifugao,18,2478
Ifugao,19,3054
Ifugao,20,3183
Ifugao,21,3527
Ifugao,22,3565
Ifugao,23,3380
Ifugao,24,3662
Ifugao,25,3560
Ifugao,26,3831
Ifugao,27,3954
Ifugao,28,3951
Ifugao,29,3902
Ifugao,30,3939
Ifugao,31,3820
Ifugao,32,3637
Ifugao,33,3449
Ifugao,34,3379
Ifugao,35,3109
Ifugao,36,2932
Ifugao,37,2739
Ifugao,38,2791
Ifugao,39,2727
Ifugao,40,2484
Ifugao,41,2439
Ifugao,42,2565
Ifugao,43,2395
Ifugao,44,2306
Ifugao,45,2178
Ifugao,46,2170
Ifugao,47,1916
Ifugao,48,1911
Ifugao,49,2091
Ifugao,50,1808
Ifugao,51,1708
Ifugao,52,1895
Ifugao,53,1982
Ifugao,54,1619
Ifugao,55,1597
Ifugao,56,1588
Ifugao,57,1661
Ifugao,58,1638
Ifugao,59,1556
Ifugao,60_and_over,20352
Ilocos Norte,18,8886
Ilocos Norte,19,10269
Ilocos Norte,20,10314
Ilocos Norte,21,10886
Ilocos Norte,22,10598
Ilocos Norte,23,9631
Ilocos Norte,24,10388
Ilocos Norte,25,10384
Ilocos Norte,26,10059
Ilocos Norte,27,10261
Ilocos Norte,28,10052
Ilocos Norte,29,9817
Ilocos Norte,30,9706
Ilocos Norte,31,9766
Ilocos Norte,32,9540
Ilocos Norte,33,9056
Ilocos Norte,34,9143
Ilocos Norte,35,9221
Ilocos Norte,36,8646
Ilocos Norte,37,8781
Ilocos Norte,38,8652
Ilocos Norte,39,8882
Ilocos Norte,40,8620
Ilocos Norte,41,8576
Ilocos Norte,42,8453
Ilocos Norte,43,8184
Ilocos Norte,44,7664
Ilocos Norte,45,7464
Ilocos Norte,46,6878
Ilocos Norte,47,6772
Ilocos Norte,48,6907
Ilocos Norte,49,6887
Ilocos Norte,50,7001
Ilocos Norte,51,6775
Ilocos Norte,52,7113
Ilocos Norte,53,6961
Ilocos Norte,54,6480
Ilocos Norte,55,6224
Ilocos Norte,56,6022
Ilocos Norte,57,6068
Ilocos Norte,58,5804
Ilocos Norte,59,5766
Ilocos Norte,60_and_over,80557
Ilocos Sur,18,9850
Ilocos Sur,19,11611
Ilocos Sur,20,11607
Ilocos Sur,21,12438
Ilocos Sur,22,11954
Ilocos Sur,23,11027
Ilocos Sur,24,11584
Ilocos Sur,25,11225
Ilocos Sur,26,11161
Ilocos Sur,27,11364
Ilocos Sur,28,11332
Ilocos Sur,29,11661
Ilocos Sur,30,10905
Ilocos Sur,31,10461
Ilocos Sur,32,10142
Ilocos Sur,33,9472
Ilocos Sur,34,9671
Ilocos Sur,35,9494
Ilocos Sur,36,9249
Ilocos Sur,37,9225
Ilocos Sur,38,9457
Ilocos Sur,39,9360
Ilocos Sur,40,9254
Ilocos Sur,41,9096
Ilocos Sur,42,9038
Ilocos Sur,43,8865
Ilocos Sur,44,8345
Ilocos Sur,45,8350
Ilocos Sur,46,7660
Ilocos Sur,47,7367
Ilocos Sur,48,7253
Ilocos Sur,49,7376
Ilocos Sur,50,7659
Ilocos Sur,51,7388
Ilocos Sur,52,7491
Ilocos Sur,53,7382
Ilocos Sur,54,6886
Ilocos Sur,55,6614
Ilocos Sur,56,6733
Ilocos Sur,57,6726
Ilocos Sur,58,6727
Ilocos Sur,59,6472
Ilocos Sur,60_and_over,90052
Iloilo,18,33203
Iloilo,19,38615
Iloilo,20,39948
Iloilo,21,43608
Iloilo,22,43251
Iloilo,23,38320
Iloilo,24,41315
Iloilo,25,40026
Iloilo,26,40908
Iloilo,27,39694
Iloilo,28,39300
Iloilo,29,37956
Iloilo,30,38129
Iloilo,31,37504
Iloilo,32,35828
Iloilo,33,35119
Iloilo,34,35110
Iloilo,35,33522
Iloilo,36,31362
Iloilo,37,32011
Iloilo,38,30845
Iloilo,39,32023
Iloilo,40,30243
Iloilo,41,30204
Iloilo,42,29915
Iloilo,43,28701
Iloilo,44,28026
Iloilo,45,27427
Iloilo,46,26505
Iloilo,47,25530
Iloilo,48,24374
Iloilo,49,25496
Iloilo,50,24021
Iloilo,51,24862
Iloilo,52,25159
Iloilo,53,24590
Iloilo,54,23056
Iloilo,55,22696
Iloilo,56,22426
Iloilo,57,22216
Iloilo,58,22205
Iloilo,59,21924
Iloilo,60_and_over,301579
Isabela,18,22253
Isabela,19,27066
Isabela,20,27756
Isabela,21,29589
Isabela,22,28406
Isabela,23,27224
Isabela,24,28618
Isabela,25,29032
Isabela,26,29372
Isabela,27,28689
Isabela,28,28553
Isabela,29,27974
Isabela,30,27757
Isabela,31,27445
Isabela,32,26243
Isabela,33,24335
Isabela,34,24270
Isabela,35,23275
Isabela,36,22546
Isabela,37,21067
Isabela,38,21164
Isabela,39,21767
Isabela,40,20528
Isabela,41,20983
Isabela,42,22028
Isabela,43,20860
Isabela,44,20084
Isabela,45,18848
Isabela,46,18769
Isabela,47,18170
Isabela,48,17030
Isabela,49,18905
Isabela,50,17313
Isabela,51,17637
Isabela,52,18173
Isabela,53,17770
Isabela,54,15816
Isabela,55,15469
Isabela,56,15353
Isabela,57,15619
Isabela,58,15686
Isabela,59,15168
Isabela,60_and_over,178248
Kalinga,18,3674
Kalinga,19,4256
Kalinga,20,4386
Kalinga,21,4668
Kalinga,22,4460
Kalinga,23,4540
Kalinga,24,4677
Kalinga,25,4213
Kalinga,26,4290
Kalinga,27,4288
Kalinga,28,4166
Kalinga,29,3984
Kalinga,30,4352
Kalinga,31,4100
Kalinga,32,3887
Kalinga,33,3715
Kalinga,34,3699
Kalinga,35,3356
Kalinga,36,3089
Kalinga,37,2970
Kalinga,38,2984
Kalinga,39,3074
Kalinga,40,2786
Kalinga,41,2553
Kalinga,42,2818
Kalinga,43,2739
Kalinga,44,2520
Kalinga,45,2596
Kalinga,46,2329
Kalinga,47,2338
Kalinga,48,2192
Kalinga,49,2469
Kalinga,50,2133
Kalinga,51,1986
Kalinga,52,2275
Kalinga,53,2155
Kalinga,54,1957
Kalinga,55,1921
Kalinga,56,1770
Kalinga,57,1906
Kalinga,58,1804
Kalinga,59,1897
Kalinga,60_and_over,22451
La Union,18,11115
La Union,19,12929
La Union,20,13252
La Union,21,14099
La Union,22,13605
La Union,23,13030
La Union,24,13864
La Union,25,13553
La Union,26,13485
La Union,27,13320
La Union,28,13185
La Union,29,13119
La Union,30,12693
La Union,31,12488
La Union,32,11927
La Union,33,11157
La Union,34,11445
La Union,35,11255
La Union,36,10388
La Union,37,10670
La Union,38,10626
La Union,39,10598
La Union,40,10402
La Union,41,10527
La Union,42,10129
La Union,43,10034
La Union,44,9415
La Union,45,9078
La Union,46,8651
La Union,47,8112
La Union,48,8397
La Union,49,8272
La Union,50,8366
La Union,51,8258
La Union,52,8754
La Union,53,8271
La Union,54,7970
La Union,55,7569
La Union,56,7469
La Union,57,7467
La Union,58,7466
La Union,59,7484
La Union,60_and_over,94836
Laguna,18,30824
Laguna,19,42400
Laguna,20,45125
Laguna,21,49866
Laguna,22,50524
Laguna,23,48364
Laguna,24,52730
Laguna,25,53512
Laguna,26,52772
Laguna,27,52507
Laguna,28,53010
Laguna,29,53282
Laguna,30,51511
Laguna,31,50761
Laguna,32,49360
Laguna,33,46847
Laguna,34,47889
Laguna,35,46095
Laguna,36,44913
Laguna,37,43931
Laguna,38,44214
Laguna,39,44921
Laguna,40,44392
Laguna,41,45222
Laguna,42,45486
Laguna,43,43009
Laguna,44,41052
Laguna,45,39753
Laguna,46,37408
Laguna,47,35035
Laguna,48,33701
Laguna,49,33564
Laguna,50,32066
Laguna,51,32024
Laguna,52,33104
Laguna,53,30896
Laguna,54,29053
Laguna,55,28206
Laguna,56,27241
Laguna,57,27099
Laguna,58,25879
Laguna,59,25128
Laguna,60_and_over,301011
Lanao Del Norte,18,12459
Lanao Del Norte,19,14906
Lanao Del Norte,20,15146
Lanao Del Norte,21,16492
Lanao Del Norte,22,16091
Lanao Del Norte,23,14762
Lanao Del Norte,24,16092
Lanao Del Norte,25,15420
Lanao Del Norte,26,15018
Lanao Del Norte,27,15905
Lanao Del Norte,28,15443
Lanao Del Norte,29,14695
Lanao Del Norte,30,15668
Lanao Del Norte,31,15387
Lanao Del Norte,32,13565
Lanao Del Norte,33,14340
Lanao Del Norte,34,13102
Lanao Del Norte,35,11423
Lanao Del Norte,36,11847
Lanao Del Norte,37,12720
Lanao Del Norte,38,11585
Lanao Del Norte,39,11078
Lanao Del Norte,40,10221
Lanao Del Norte,41,10208
Lanao Del Norte,42,11082
Lanao Del Norte,43,11155
Lanao Del Norte,44,10229
Lanao Del Norte,45,9242
Lanao Del Norte,46,9233
Lanao Del Norte,47,9234
Lanao Del Norte,48,8770
Lanao Del Norte,49,9047
Lanao Del Norte,50,8749
Lanao Del Norte,51,8452
Lanao Del Norte,52,9223
Lanao Del Norte,53,8583
Lanao Del Norte,54,7949
Lanao Del Norte,55,7697
Lanao Del Norte,56,7312
Lanao Del Norte,57,7401
Lanao Del Norte,58,7124
Lanao Del Norte,59,7176
Lanao Del Norte,60_and_over,85785
Lanao Del Sur,18,17538
Lanao Del Sur,19,20832
Lanao Del Sur,20,18942
Lanao Del Sur,21,26113
Lanao Del Sur,22,25375
Lanao Del Sur,23,19995
Lanao Del Sur,24,23103
Lanao Del Sur,25,21989
Lanao Del Sur,26,19593
Lanao Del Sur,27,33680
Lanao Del Sur,28,38184
Lanao Del Sur,29,30201
Lanao Del Sur,30,23333
Lanao Del Sur,31,19699
Lanao Del Sur,32,17874
Lanao Del Sur,33,15223
Lanao Del Sur,34,14207
Lanao Del Sur,35,13323
Lanao Del Sur,36,12328
Lanao Del Sur,37,12790
Lanao Del Sur,38,11841
Lanao Del Sur,39,11632
Lanao Del Sur,40,10964
Lanao Del Sur,41,10602
Lanao Del Sur,42,12167
Lanao Del Sur,43,10312
Lanao Del Sur,44,9614
Lanao Del Sur,45,9451
Lanao Del Sur,46,9581
Lanao Del Sur,47,10081
Lanao Del Sur,48,8829
Lanao Del Sur,49,9356
Lanao Del Sur,50,8814
Lanao Del Sur,51,7796
Lanao Del Sur,52,9744
Lanao Del Sur,53,7857
Lanao Del Sur,54,6989
Lanao Del Sur,55,6206
Lanao Del Sur,56,5818
Lanao Del Sur,57,6790
Lanao Del Sur,58,5476
Lanao Del Sur,59,4968
Lanao Del Sur,60_and_over,66433
Leyte,18,32748
Leyte,19,36663
Leyte,20,37122
Leyte,21,40200
Leyte,22,38586
Leyte,23,35910
Leyte,24,37403
Leyte,25,34883
Leyte,26,35502
Leyte,27,34933
Leyte,28,34700
Leyte,29,33897
Leyte,30,32261
Leyte,31,32779
Leyte,32,29282
Leyte,33,30224
Leyte,34,29141
Leyte,35,27663
Leyte,36,25271
Leyte,37,25359
Leyte,38,25119
Leyte,39,25183
Leyte,40,24174
Leyte,41,23987
Leyte,42,24268
Leyte,43,22875
Leyte,44,22702
Leyte,45,21732
Leyte,46,21476
Leyte,47,20860
Leyte,48,20391
Leyte,49,20305
Leyte,50,19274
Leyte,51,19962
Leyte,52,20175
Leyte,53,19567
Leyte,54,18294
Leyte,55,18100
Leyte,56,17743
Leyte,57,17636
Leyte,58,17459
Leyte,59,17251
Leyte,60_and_over,227807
Maguindanao,18,17098
Maguindanao,19,22141
Maguindanao,20,21936
Maguindanao,21,29250
Maguindanao,22,30729
Maguindanao,23,25231
Maguindanao,24,26814
Maguindanao,25,24805
Maguindanao,26,21979
Maguindanao,27,34854
Maguindanao,28,41532
Maguindanao,29,33595
Maguindanao,30,27124
Maguindanao,31,25803
Maguindanao,32,25549
Maguindanao,33,22501
Maguindanao,34,21250
Maguindanao,35,21229
Maguindanao,36,20689
Maguindanao,37,21842
Maguindanao,38,19553
Maguindanao,39,18785
Maguindanao,40,17167
Maguindanao,41,17379
Maguindanao,42,19835
Maguindanao,43,16873
Maguindanao,44,14705
Maguindanao,45,14951
Maguindanao,46,15460
Maguindanao,47,15383
Maguindanao,48,14099
Maguindanao,49,15218
Maguindanao,50,14137
Maguindanao,51,13030
Maguindanao,52,16004
Maguindanao,53,12837
Maguindanao,54,11231
Maguindanao,55,9327
Maguindanao,56,8979
Maguindanao,57,10676
Maguindanao,58,9091
Maguindanao,59,8558
Maguindanao,60_and_over,109782
Marinduque,18,3956
Marinduque,19,4523
Marinduque,20,4588
Marinduque,21,4981
Marinduque,22,4676
Marinduque,23,4021
Marinduque,24,4297
Marinduque,25,3786
Marinduque,26,3935
Marinduque,27,3882
Marinduque,28,3605
Marinduque,29,3569
Marinduque,30,3444
Marinduque,31,3317
Marinduque,32,3241
Marinduque,33,2901
Marinduque,34,3129
Marinduque,35,2898
Marinduque,36,2883
Marinduque,37,2892
Marinduque,38,2755
Marinduque,39,2577
Marinduque,40,2866
Marinduque,41,2832
Marinduque,42,2815
Marinduque,43,2884
Marinduque,44,2695
Marinduque,45,2667
Marinduque,46,2608
Marinduque,47,2500
Marinduque,48,2420
Marinduque,49,2527
Marinduque,50,2487
Marinduque,51,2435
Marinduque,52,2593
Marinduque,53,2531
Marinduque,54,2364
Marinduque,55,2440
Marinduque,56,2214
Marinduque,57,2221
Marinduque,58,2174
Marinduque,59,2162
Marinduque,60_and_over,31247
Masbate,18,17867
Masbate,19,19191
Masbate,20,19172
Masbate,21,21523
Masbate,22,19777
Masbate,23,17128
Masbate,24,17814
Masbate,25,16193
Masbate,26,15780
Masbate,27,15862
Masbate,28,15586
Masbate,29,14808
Masbate,30,15615
Masbate,31,14072
Masbate,32,12319
Masbate,33,12780
Masbate,34,12423
Masbate,35,11703
Masbate,36,10925
Masbate,37,10690
Masbate,38,9789
Masbate,39,10606
Masbate,40,10131
Masbate,41,9875
Masbate,42,10302
Masbate,43,9801
Masbate,44,9094
Masbate,45,9191
Masbate,46,9166
Masbate,47,9294
Masbate,48,8428
Masbate,49,8773
Masbate,50,8222
Masbate,51,8114
Masbate,52,8779
Masbate,53,8153
Masbate,54,7568
Masbate,55,7439
Masbate,56,7186
Masbate,57,7347
Masbate,58,6896
Masbate,59,6922
Masbate,60_and_over,88431
Misamis Occidental,18,10754
Misamis Occidental,19,11872
Misamis Occidental,20,12009
Misamis Occidental,21,12688
Misamis Occidental,22,12134
Misamis Occidental,23,10964
Misamis Occidental,24,11524
Misamis Occidental,25,10577
Misamis Occidental,26,10828
Misamis Occidental,27,10650
Misamis Occidental,28,10432
Misamis Occidental,29,10364
Misamis Occidental,30,10119
Misamis Occidental,31,10125
Misamis Occidental,32,9442
Misamis Occidental,33,9567
Misamis Occidental,34,9146
Misamis Occidental,35,8308
Misamis Occidental,36,7742
Misamis Occidental,37,7567
Misamis Occidental,38,7651
Misamis Occidental,39,7472
Misamis Occidental,40,7305
Misamis Occidental,41,7504
Misamis Occidental,42,7805
Misamis Occidental,43,7616
Misamis Occidental,44,7205
Misamis Occidental,45,6917
Misamis Occidental,46,6863
Misamis Occidental,47,6832
Misamis Occidental,48,6612
Misamis Occidental,49,6794
Misamis Occidental,50,6567
Misamis Occidental,51,6875
Misamis Occidental,52,7078
Misamis Occidental,53,6800
Misamis Occidental,54,6314
Misamis Occidental,55,6167
Misamis Occidental,56,6062
Misamis Occidental,57,5931
Misamis Occidental,58,6013
Misamis Occidental,59,5804
Misamis Occidental,60_and_over,77833
Misamis Oriental,18,22623
Misamis Oriental,19,26025
Misamis Oriental,20,27082
Misamis Oriental,21,28260
Misamis Oriental,22,28010
Misamis Oriental,23,26414
Misamis Oriental,24,27800
Misamis Oriental,25,26908
Misamis Oriental,26,26738
Misamis Oriental,27,27273
Misamis Oriental,28,27020
Misamis Oriental,29,26616
Misamis Oriental,30,26911
Misamis Oriental,31,26690
Misamis Oriental,32,25586
Misamis Oriental,33,25265
Misamis Oriental,34,24279
Misamis Oriental,35,22398
Misamis Oriental,36,20989
Misamis Oriental,37,20904
Misamis Oriental,38,20384
Misamis Oriental,39,20147
Misamis Oriental,40,19384
Misamis Oriental,41,19500
Misamis Oriental,42,20220
Misamis Oriental,43,19700
Misamis Oriental,44,18228
Misamis Oriental,45,17456
Misamis Oriental,46,17072
Misamis Oriental,47,16321
Misamis Oriental,48,16190
Misamis Oriental,49,16622
Misamis Oriental,50,15780
Misamis Oriental,51,15859
Misamis Oriental,52,16628
Misamis Oriental,53,15559
Misamis Oriental,54,14247
Misamis Oriental,55,13894
Misamis Oriental,56,13748
Misamis Oriental,57,13986
Misamis Oriental,58,13395
Misamis Oriental,59,13032
Misamis Oriental,60_and_over,158566
Mountain Province,18,2469
Mountain Province,19,2983
Mountain Province,20,3126
Mountain Province,21,3440
Mountain Province,22,3032
Mountain Province,23,2861
Mountain Province,24,3029
Mountain Province,25,2975
Mountain Province,26,2948
Mountain Province,27,3160
Mountain Province,28,3165
Mountain Province,29,3046
Mountain Province,30,3193
Mountain Province,31,3150
Mountain Province,32,3030
Mountain Province,33,3043
Mountain Province,34,2847
Mountain Province,35,2605
Mountain Province,36,2465
Mountain Province,37,2274
Mountain Province,38,2369
Mountain Province,39,2248
Mountain Province,40,2051
Mountain Province,41,2035
Mountain Province,42,2044
Mountain Province,43,1952
Mountain Province,44,1912
Mountain Province,45,1774
Mountain Province,46,1719
Mountain Province,47,1619
Mountain Province,48,1595
Mountain Province,49,1642
Mountain Province,50,1503
Mountain Province,51,1549
Mountain Province,52,1684
Mountain Province,53,1588
Mountain Province,54,1417
Mountain Province,55,1525
Mountain Province,56,1432
Mountain Province,57,1486
Mountain Province,58,1422
Mountain Province,59,1377
Mountain Province,60_and_over,19141
Ncr,18,84565
Ncr,19,130862
Ncr,20,145530
Ncr,21,166742
Ncr,22,169001
Ncr,23,165232
Ncr,24,181671
Ncr,25,187515
Ncr,26,187125
Ncr,27,183861
Ncr,28,183789
Ncr,29,185750
Ncr,30,181627
Ncr,31,182169
Ncr,32,175013
Ncr,33,166690
Ncr,34,164817
Ncr,35,160403
Ncr,36,152283
Ncr,37,152403
Ncr,38,152629
Ncr,39,152438
Ncr,40,151563
Ncr,41,153902
Ncr,42,153325
Ncr,43,147865
Ncr,44,141089
Ncr,45,137117
Ncr,46,130701
Ncr,47,124334
Ncr,48,123164
Ncr,49,125283
Ncr,50,122416
Ncr,51,124706
Ncr,52,126419
Ncr,53,118390
Ncr,54,110550
Ncr,55,105656
Ncr,56,105194
Ncr,57,103628
Ncr,58,99473
Ncr,59,97822
Ncr,60_and_over,1207649
Negros Occidental,18,32219
Negros Occidental,19,42889
Negros Occidental,20,47226
Negros Occidental,21,52606
Negros Occidental,22,51773
Negros Occidental,23,45869
Negros Occidental,24,48512
Negros Occidental,25,47469
Negros Occidental,26,50191
Negros Occidental,27,48909
Negros Occidental,28,48012
Negros Occidental,29,48425
Negros Occidental,30,47468
Negros Occidental,31,47685
Negros Occidental,32,44152
Negros Occidental,33,44246
Negros Occidental,34,42497
Negros Occidental,35,40057
Negros Occidental,36,35247
Negros Occidental,37,36837
Negros Occidental,38,36684
Negros Occidental,39,38212
Negros Occidental,40,36522
Negros Occidental,41,35092
Negros Occidental,42,35085
Negros Occidental,43,33714
Negros Occidental,44,33272
Negros Occidental,45,32919
Negros Occidental,46,32974
Negros Occidental,47,30520
Negros Occidental,48,31786
Negros Occidental,49,31473
Negros Occidental,50,30322
Negros Occidental,51,31846
Negros Occidental,52,31988
Negros Occidental,53,30709
Negros Occidental,54,29427
Negros Occidental,55,27787
Negros Occidental,56,27900
Negros Occidental,57,27946
Negros Occidental,58,27372
Negros Occidental,59,27366
Negros Occidental,60_and_over,343434
Negros Oriental,18,15931
Negros Oriental,19,20864
Negros Oriental,20,23113
Negros Oriental,21,25509
Negros Oriental,22,24812
Negros Oriental,23,22289
Negros Oriental,24,23705
Negros Oriental,25,23169
Negros Oriental,26,23690
Negros Oriental,27,24557
Negros Oriental,28,24268
Negros Oriental,29,24009
Negros Oriental,30,22986
Negros Oriental,31,23377
Negros Oriental,32,21899
Negros Oriental,33,21451
Negros Oriental,34,20344
Negros Oriental,35,19068
Negros Oriental,36,17017
Negros Oriental,37,17963
Negros Oriental,38,17353
Negros Oriental,39,17640
Negros Oriental,40,16371
Negros Oriental,41,16386
Negros Oriental,42,16406
Negros Oriental,43,16096
Negros Oriental,44,15685
Negros Oriental,45,14798
Negros Oriental,46,14979
Negros Oriental,47,14316
Negros Oriental,48,14778
Negros Oriental,49,14703
Negros Oriental,50,13981
Negros Oriental,51,14440
Negros Oriental,52,14102
Negros Oriental,53,13935
Negros Oriental,54,13675
Negros Oriental,55,12926
Negros Oriental,56,13006
Negros Oriental,57,13080
Negros Oriental,58,12824
Negros Oriental,59,13019
Negros Oriental,60_and_over,167519
Northern Samar,18,12985
Northern Samar,19,13764
Northern Samar,20,13751
Northern Samar,21,15047
Northern Samar,22,14508
Northern Samar,23,13142
Northern Samar,24,14897
Northern Samar,25,13165
Northern Samar,26,12957
Northern Samar,27,13816
Northern Samar,28,12577
Northern Samar,29,11310
Northern Samar,30,12277
Northern Samar,31,11304
Northern Samar,32,9410
Northern Samar,33,9936
Northern Samar,34,10050
Northern Samar,35,8749
Northern Samar,36,8704
Northern Samar,37,7983
Northern Samar,38,7704
Northern Samar,39,8344
Northern Samar,40,7961
Northern Samar,41,7310
Northern Samar,42,7926
Northern Samar,43,7498
Northern Samar,44,6913
Northern Samar,45,6986
Northern Samar,46,7177
Northern Samar,47,7141
Northern Samar,48,6743
Northern Samar,49,7156
Northern Samar,50,6295
Northern Samar,51,6063
Northern Samar,52,6545
Northern Samar,53,6183
Northern Samar,54,5651
Northern Samar,55,5651
Northern Samar,56,5396
Northern Samar,57,5409
Northern Samar,58,5141
Northern Samar,59,5060
Northern Samar,60_and_over,67035
Nueva Ecija,18,29339
Nueva Ecija,19,36138
Nueva Ecija,20,37364
Nueva Ecija,21,40363
Nueva Ecija,22,38489
Nueva Ecija,23,36661
Nueva Ecija,24,39321
Nueva Ecija,25,39543
Nueva Ecija,26,39232
Nueva Ecija,27,39742
Nueva Ecija,28,38824
Nueva Ecija,29,38290
Nueva Ecija,30,37577
Nueva Ecija,31,37213
Nueva Ecija,32,35316
Nueva Ecija,33,33594
Nueva Ecija,34,33815
Nueva Ecija,35,31988
Nueva Ecija,36,30870
Nueva Ecija,37,30009
Nueva Ecija,38,30846
Nueva Ecija,39,30859
Nueva Ecija,40,30203
Nueva Ecija,41,31071
Nueva Ecija,42,30170
Nueva Ecija,43,29965
Nueva Ecija,44,28157
Nueva Ecija,45,26899
Nueva Ecija,46,26535
Nueva Ecija,47,25214
Nueva Ecija,48,24460
Nueva Ecija,49,26022
Nueva Ecija,50,24670
Nueva Ecija,51,24994
Nueva Ecija,52,26060
Nueva Ecija,53,25277
Nueva Ecija,54,23059
Nueva Ecija,55,22050
Nueva Ecija,56,21858
Nueva Ecija,57,21906
Nueva Ecija,58,20618
Nueva Ecija,59,20543
Nueva Ecija,60_and_over,246561
Nueva Vizcaya,18,4988
Nueva Vizcaya,19,6890
Nueva Vizcaya,20,7099
Nueva Vizcaya,21,7768
Nueva Vizcaya,22,7340
Nueva Vizcaya,23,7358
Nueva Vizcaya,24,7548
Nueva Vizcaya,25,7595
Nueva Vizcaya,26,7732
Nueva Vizcaya,27,7546
Nueva Vizcaya,28,7331
Nueva Vizcaya,29,7537
Nueva Vizcaya,30,7441
Nueva Vizcaya,31,7228
Nueva Vizcaya,32,6873
Nueva Vizcaya,33,6610
Nueva Vizcaya,34,6658
Nueva Vizcaya,35,6276
Nueva Vizcaya,36,6031
Nueva Vizcaya,37,5939
Nueva Vizcaya,38,5917
Nueva Vizcaya,39,6120
Nueva Vizcaya,40,5727
Nueva Vizcaya,41,5747
Nueva Vizcaya,42,5838
Nueva Vizcaya,43,5644
Nueva Vizcaya,44,5352
Nueva Vizcaya,45,5011
Nueva Vizcaya,46,4900
Nueva Vizcaya,47,4715
Nueva Vizcaya,48,4495
Nueva Vizcaya,49,4981
Nueva Vizcaya,50,4593
Nueva Vizcaya,51,4524
Nueva Vizcaya,52,4776
Nueva Vizcaya,53,4550
Nueva Vizcaya,54,4239
Nueva Vizcaya,55,4087
Nueva Vizcaya,56,3983
Nueva Vizcaya,57,4179
Nueva Vizcaya,58,3946
Nueva Vizcaya,59,4076
Nueva Vizcaya,60_and_over,49045
Occidental Mindoro,18,7179
Occidental Mindoro,19,8560
Occidental Mindoro,20,9159
Occidental Mindoro,21,9905
Occidental Mindoro,22,9048
Occidental Mindoro,23,8317
Occidental Mindoro,24,8549
Occidental Mindoro,25,8138
Occidental Mindoro,26,8214
Occidental Mindoro,27,8353
Occidental Mindoro,28,8203
Occidental Mindoro,29,8218
Occidental Mindoro,30,7970
Occidental Mindoro,31,7590
Occidental Mindoro,32,6989
Occidental Mindoro,33,6978
Occidental Mindoro,34,7044
Occidental Mindoro,35,6860
Occidental Mindoro,36,6578
Occidental Mindoro,37,6391
Occidental Mindoro,38,6251
Occidental Mindoro,39,6467
Occidental Mindoro,40,6111
Occidental Mindoro,41,6039
Occidental Mindoro,42,5985
Occidental Mindoro,43,5794
Occidental Mindoro,44,5711
Occidental Mindoro,45,5446
Occidental Mindoro,46,5269
Occidental Mindoro,47,5290
Occidental Mindoro,48,5038
Occidental Mindoro,49,5357
Occidental Mindoro,50,4859
Occidental Mindoro,51,4707
Occidental Mindoro,52,4972
Occidental Mindoro,53,4599
Occidental Mindoro,54,4261
Occidental Mindoro,55,4215
Occidental Mindoro,56,3895
Occidental Mindoro,57,3982
Occidental Mindoro,58,3738
Occidental Mindoro,59,3738
Occidental Mindoro,60_and_over,43460
Oriental Mindoro,18,11825
Oriental Mindoro,19,14893
Oriental Mindoro,20,15493
Oriental Mindoro,21,17032
Oriental Mindoro,22,15776
Oriental Mindoro,23,14353
Oriental Mindoro,24,15708
Oriental Mindoro,25,14648
Oriental Mindoro,26,14497
Oriental Mindoro,27,14897
Oriental Mindoro,28,14937
Oriental Mindoro,29,14719
Oriental Mindoro,30,14047
Oriental Mindoro,31,13457
Oriental Mindoro,32,12732
Oriental Mindoro,33,12337
Oriental Mindoro,34,12754
Oriental Mindoro,35,12206
Oriental Mindoro,36,11540
Oriental Mindoro,37,11412
Oriental Mindoro,38,11017
Oriental Mindoro,39,11077
Oriental Mindoro,40,10672
Oriental Mindoro,41,10668
Oriental Mindoro,42,10769
Oriental Mindoro,43,10362
Oriental Mindoro,44,10249
Oriental Mindoro,45,9832
Oriental Mindoro,46,9753
Oriental Mindoro,47,9529
Oriental Mindoro,48,8984
Oriental Mindoro,49,9404
Oriental Mindoro,50,8573
Oriental Mindoro,51,8579
Oriental Mindoro,52,9057
Oriental Mindoro,53,8357
Oriental Mindoro,54,7757
Oriental Mindoro,55,7664
Oriental Mindoro,56,7251
Oriental Mindoro,57,7245
Oriental Mindoro,58,6921
Oriental Mindoro,59,6992
Oriental Mindoro,60_and_over,84153
Palawan,18,14747
Palawan,19,19619
Palawan,20,20316
Palawan,21,22780
Palawan,22,21994
Palawan,23,20305
Palawan,24,22063
Palawan,25,20998
Palawan,26,20602
Palawan,27,21495
Palawan,28,21075
Palawan,29,20180
Palawan,30,19989
Palawan,31,20263
Palawan,32,17709
Palawan,33,17895
Palawan,34,17753
Palawan,35,16347
Palawan,36,15724
Palawan,37,16012
Palawan,38,15518
Palawan,39,15597
Palawan,40,14792
Palawan,41,14415
Palawan,42,14817
Palawan,43,13874
Palawan,44,13029
Palawan,45,12461
Palawan,46,12616
Palawan,47,12429
Palawan,48,11353
Palawan,49,11629
Palawan,50,10925
Palawan,51,10477
Palawan,52,11065
Palawan,53,10528
Palawan,54,9334
Palawan,55,8691
Palawan,56,8882
Palawan,57,8984
Palawan,58,8741
Palawan,59,8585
Palawan,60_and_over,99779
Pampanga,18,25863
Pampanga,19,35349
Pampanga,20,38057
Pampanga,21,42569
Pampanga,22,41455
Pampanga,23,39654
Pampanga,24,42507
Pampanga,25,41932
Pampanga,26,41073
Pampanga,27,40449
Pampanga,28,39063
Pampanga,29,39053
Pampanga,30,39063
Pampanga,31,38627
Pampanga,32,36674
Pampanga,33,34947
Pampanga,34,34808
Pampanga,35,33734
Pampanga,36,32150
Pampanga,37,31884
Pampanga,38,31540
Pampanga,39,31730
Pampanga,40,31311
Pampanga,41,31910
Pampanga,42,32297
Pampanga,43,30818
Pampanga,44,29643
Pampanga,45,28818
Pampanga,46,28371
Pampanga,47,26101
Pampanga,48,25924
Pampanga,49,27170
Pampanga,50,26677
Pampanga,51,26222
Pampanga,52,27510
Pampanga,53,25715
Pampanga,54,24582
Pampanga,55,23366
Pampanga,56,22716
Pampanga,57,21716
Pampanga,58,20839
Pampanga,59,20393
Pampanga,60_and_over,236193
Pangasinan,18,49261
Pangasinan,19,56327
Pangasinan,20,56689
Pangasinan,21,61315
Pangasinan,22,57885
Pangasinan,23,54316
Pangasinan,24,56427
Pangasinan,25,54644
Pangasinan,26,53197
Pangasinan,27,54528
Pangasinan,28,53457
Pangasinan,29,53172
Pangasinan,30,51403
Pangasinan,31,50225
Pangasinan,32,48070
Pangasinan,33,45696
Pangasinan,34,45920
Pangasinan,35,43155
Pangasinan,36,41631
Pangasinan,37,40491
Pangasinan,38,40801
Pangasinan,39,40817
Pangasinan,40,40368
Pangasinan,41,40409
Pangasinan,42,39737
Pangasinan,43,38565
Pangasinan,44,35790
Pangasinan,45,34430
Pangasinan,46,33562
Pangasinan,47,32171
Pangasinan,48,31864
Pangasinan,49,32912
Pangasinan,50,32095
Pangasinan,51,31430
Pangasinan,52,32690
Pangasinan,53,31290
Pangasinan,54,28704
Pangasinan,55,28198
Pangasinan,56,27391
Pangasinan,57,26859
Pangasinan,58,26273
Pangasinan,59,25876
Pangasinan,60_and_over,336895
Quezon,18,28981
Quezon,19,35670
Quezon,20,36562
Quezon,21,40651
Quezon,22,38770
Quezon,23,36517
Quezon,24,39004
Quezon,25,37093
Quezon,26,38126
Quezon,27,37492
Quezon,28,37519
Quezon,29,36394
Quezon,30,35527
Quezon,31,34298
Quezon,32,32766
Quezon,33,31486
Quezon,34,32355
Quezon,35,29867
Quezon,36,28738
Quezon,37,27888
Quezon,38,27253
Quezon,39,27309
Quezon,40,27031
Quezon,41,27082
Quezon,42,27159
Quezon,43,26221
Quezon,44,24850
Quezon,45,24220
Quezon,46,23810
Quezon,47,23343
Quezon,48,22399
Quezon,49,22810
Quezon,50,21763
Quezon,51,21963
Quezon,52,22821
Quezon,53,21926
Quezon,54,20740
Quezon,55,20501
Quezon,56,19343
Quezon,57,19331
Quezon,58,18548
Quezon,59,18456
Quezon,60_and_over,219440
Quirino,18,2289
Quirino,19,3050
Quirino,20,3024
Quirino,21,3211
Quirino,22,3089
Quirino,23,3057
Quirino,24,3139
Quirino,25,3221
Quirino,26,3310
Quirino,27,3155
Quirino,28,3111
Quirino,29,3112
Quirino,30,3105
Quirino,31,2963
Quirino,32,2784
Quirino,33,2702
Quirino,34,2739
Quirino,35,2566
Quirino,36,2494
Quirino,37,2466
Quirino,38,2476
Quirino,39,2443
Quirino,40,2478
Quirino,41,2351
Quirino,42,2552
Quirino,43,2492
Quirino,44,2221
Quirino,45,2164
Quirino,46,2116
Quirino,47,1914
Quirino,48,2034
Quirino,49,2192
Quirino,50,1939
Quirino,51,2015
Quirino,52,2094
Quirino,53,1925
Quirino,54,1761
Quirino,55,1622
Quirino,56,1618
Quirino,57,1744
Quirino,58,1741
Quirino,59,1661
Quirino,60_and_over,19728
Rizal,18,17115
Rizal,19,27843
Rizal,20,32610
Rizal,21,38274
Rizal,22,38191
Rizal,23,37026
Rizal,24,40110
Rizal,25,41066
Rizal,26,40715
Rizal,27,39916
Rizal,28,40437
Rizal,29,41311
Rizal,30,39861
Rizal,31,39550
Rizal,32,37833
Rizal,33,35885
Rizal,34,36268
Rizal,35,34669
Rizal,36,33346
Rizal,37,33302
Rizal,38,34002
Rizal,39,34656
Rizal,40,35037
Rizal,41,35447
Rizal,42,34896
Rizal,43,33911
Rizal,44,32333
Rizal,45,31187
Rizal,46,30133
Rizal,47,28837
Rizal,48,28345
Rizal,49,28371
Rizal,50,27102
Rizal,51,27667
Rizal,52,28585
Rizal,53,26282
Rizal,54,24287
Rizal,55,23454
Rizal,56,22917
Rizal,57,22358
Rizal,58,21738
Rizal,59,21484
Rizal,60_and_over,243605
Romblon,18,5589
Romblon,19,6031
Romblon,20,6139
Romblon,21,6924
Romblon,22,6095
Romblon,23,5499
Romblon,24,5699
Romblon,25,5190
Romblon,26,5050
Romblon,27,5011
Romblon,28,4942
Romblon,29,4652
Romblon,30,4692
Romblon,31,4529
Romblon,32,4344
Romblon,33,4126
Romblon,34,4154
Romblon,35,3914
Romblon,36,3785
Romblon,37,3762
Romblon,38,3642
Romblon,39,3594
Romblon,40,3398
Romblon,41,3443
Romblon,42,3400
Romblon,43,3392
Romblon,44,3213
Romblon,45,3121
Romblon,46,3139
Romblon,47,3179
Romblon,48,3012
Romblon,49,3291
Romblon,50,3024
Romblon,51,3111
Romblon,52,3159
Romblon,53,3163
Romblon,54,2818
Romblon,55,3025
Romblon,56,2794
Romblon,57,2981
Romblon,58,2797
Romblon,59,2773
Romblon,60_and_over,36523
Samar (Western Samar),18,17617
Samar (Western Samar),19,18848
Samar (Western Samar),20,17556
Samar (Western Samar),21,19191
Samar (Western Samar),22,18423
Samar (Western Samar),23,17343
Samar (Western Samar),24,19288
Samar (Western Samar),25,17124
Samar (Western Samar),26,17009
Samar (Western Samar),27,17353
Samar (Western Samar),28,16486
Samar (Western Samar),29,15132
Samar (Western Samar),30,15928
Samar (Western Samar),31,15291
Samar (Western Samar),32,12333
Samar (Western Samar),33,12456
Samar (Western Samar),34,12818
Samar (Western Samar),35,11454
Samar (Western Samar),36,10653
Samar (Western Samar),37,10224
Samar (Western Samar),38,10096
Samar (Western Samar),39,10729
Samar (Western Samar),40,10119
Samar (Western Samar),41,9579
Samar (Western Samar),42,10327
Samar (Western Samar),43,10043
Samar (Western Samar),44,9359
Samar (Western Samar),45,9380
Samar (Western Samar),46,9290
Samar (Western Samar),47,9345
Samar (Western Samar),48,9097
Samar (Western Samar),49,9257
Samar (Western Samar),50,8384
Samar (Western Samar),51,8375
Samar (Western Samar),52,8936
Samar (Western Samar),53,8343
Samar (Western Samar),54,7568
Samar (Western Samar),55,7562
Samar (Western Samar),56,7408
Samar (Western Samar),57,7247
Samar (Western Samar),58,6777
Samar (Western Samar),59,6753
Samar (Western Samar),60_and_over,90789
Sarangani,18,5852
Sarangani,19,8450
Sarangani,20,8902
Sarangani,21,10256
Sarangani,22,10510
Sarangani,23,9511
Sarangani,24,10485
Sarangani,25,10036
Sarangani,26,10121
Sarangani,27,10307
Sarangani,28,10378
Sarangani,29,9652
Sarangani,30,10264
Sarangani,31,10128
Sarangani,32,9119
Sarangani,33,9403
Sarangani,34,8796
Sarangani,35,8143
Sarangani,36,8136
Sarangani,37,8263
Sarangani,38,7731
Sarangani,39,7582
Sarangani,40,6995
Sarangani,41,6681
Sarangani,42,7058
Sarangani,43,6879
Sarangani,44,6428
Sarangani,45,6521
Sarangani,46,6184
Sarangani,47,6293
Sarangani,48,5960
Sarangani,49,6171
Sarangani,50,5487
Sarangani,51,5312
Sarangani,52,5706
Sarangani,53,5332
Sarangani,54,4837
Sarangani,55,4395
Sarangani,56,4471
Sarangani,57,4384
Sarangani,58,4149
Sarangani,59,3992
Sarangani,60_and_over,46795
Siquijor,18,1691
Siquijor,19,1812
Siquijor,20,1875
Siquijor,21,2006
Siquijor,22,1909
Siquijor,23,1735
Siquijor,24,1917
Siquijor,25,1731
Siquijor,26,1798
Siquijor,27,1791
Siquijor,28,1849
Siquijor,29,1787
Siquijor,30,1791
Siquijor,31,1861
Siquijor,32,1701
Siquijor,33,1710
Siquijor,34,1599
Siquijor,35,1602
Siquijor,36,1464
Siquijor,37,1499
Siquijor,38,1503
Siquijor,39,1364
Siquijor,40,1384
Siquijor,41,1427
Siquijor,42,1378
Siquijor,43,1311
Siquijor,44,1239
Siquijor,45,1321
Siquijor,46,1306
Siquijor,47,1197
Siquijor,48,1175
Siquijor,49,1279
Siquijor,50,1291
Siquijor,51,1161
Siquijor,52,1307
Siquijor,53,1111
Siquijor,54,1142
Siquijor,55,1035
Siquijor,56,1093
Siquijor,57,1055
Siquijor,58,1028
Siquijor,59,1052
Siquijor,60_and_over,16171
Sorsogon,18,15273
Sorsogon,19,16519
Sorsogon,20,16473
Sorsogon,21,17974
Sorsogon,22,17158
Sorsogon,23,16066
Sorsogon,24,15901
Sorsogon,25,14081
Sorsogon,26,14363
Sorsogon,27,13905
Sorsogon,28,14034
Sorsogon,29,13236
Sorsogon,30,13080
Sorsogon,31,12357
Sorsogon,32,11027
Sorsogon,33,10745
Sorsogon,34,11408
Sorsogon,35,10230
Sorsogon,36,9954
Sorsogon,37,9429
Sorsogon,38,9334
Sorsogon,39,9281
Sorsogon,40,9405
Sorsogon,41,9644
Sorsogon,42,9853
Sorsogon,43,9292
Sorsogon,44,8795
Sorsogon,45,8940
Sorsogon,46,8554
Sorsogon,47,8195
Sorsogon,48,7850
Sorsogon,49,8413
Sorsogon,50,7762
Sorsogon,51,8085
Sorsogon,52,8448
Sorsogon,53,7877
Sorsogon,54,7423
Sorsogon,55,7431
Sorsogon,56,7047
Sorsogon,57,6967
Sorsogon,58,6644
Sorsogon,59,6489
Sorsogon,60_and_over,83140
South Cotabato,18,14540
South Cotabato,19,21830
South Cotabato,20,23903
South Cotabato,21,26614
South Cotabato,22,26976
South Cotabato,23,24469
South Cotabato,24,26375
South Cotabato,25,26539
South Cotabato,26,26160
South Cotabato,27,26785
South Cotabato,28,27536
South Cotabato,29,26073
South Cotabato,30,25589
South Cotabato,31,25849
South Cotabato,32,24690
South Cotabato,33,24053
South Cotabato,34,23641
South Cotabato,35,22278
South Cotabato,36,21380
South Cotabato,37,21087
South Cotabato,38,20403
South Cotabato,39,20143
South Cotabato,40,19458
South Cotabato,41,19009
South Cotabato,42,19839
South Cotabato,43,19135
South Cotabato,44,18007
South Cotabato,45,17701
South Cotabato,46,17369
South Cotabato,47,17057
South Cotabato,48,15960
South Cotabato,49,16409
South Cotabato,50,15193
South Cotabato,51,15012
South Cotabato,52,15910
South Cotabato,53,15177
South Cotabato,54,13779
South Cotabato,55,13207
South Cotabato,56,12490
South Cotabato,57,12617
South Cotabato,58,12076
South Cotabato,59,11615
South Cotabato,60_and_over,131608
Southern Leyte,18,6900
Southern Leyte,19,7671
Southern Leyte,20,8005
Southern Leyte,21,8630
Southern Leyte,22,8129
Southern Leyte,23,7479
Southern Leyte,24,7569
Southern Leyte,25,6885
Southern Leyte,26,6845
Southern Leyte,27,6537
Southern Leyte,28,6492
Southern Leyte,29,6658
Southern Leyte,30,6133
Southern Leyte,31,6455
Southern Leyte,32,5907
Southern Leyte,33,6076
Southern Leyte,34,5867
Southern Leyte,35,5469
Southern Leyte,36,5091
Southern Leyte,37,5168
Southern Leyte,38,5118
Southern Leyte,39,5072
Southern Leyte,40,5136
Southern Leyte,41,5089
Southern Leyte,42,5236
Southern Leyte,43,4988
Southern Leyte,44,5035
Southern Leyte,45,4789
Southern Leyte,46,4709
Southern Leyte,47,4409
Southern Leyte,48,4402
Southern Leyte,49,4517
Southern Leyte,50,4269
Southern Leyte,51,4536
Southern Leyte,52,4775
Southern Leyte,53,4635
Southern Leyte,54,4364
Southern Leyte,55,4378
Southern Leyte,56,4213
Southern Leyte,57,4290
Southern Leyte,58,4283
Southern Leyte,59,4059
Southern Leyte,60_and_over,57367
Sultan Kudarat,18,8322
Sultan Kudarat,19,10998
Sultan Kudarat,20,11552
Sultan Kudarat,21,13043
Sultan Kudarat,22,13432
Sultan Kudarat,23,12057
Sultan Kudarat,24,13525
Sultan Kudarat,25,13406
Sultan Kudarat,26,13009
Sultan Kudarat,27,13012
Sultan Kudarat,28,13383
Sultan Kudarat,29,12299
Sultan Kudarat,30,12791
Sultan Kudarat,31,13253
Sultan Kudarat,32,12615
Sultan Kudarat,33,11794
Sultan Kudarat,34,11622
Sultan Kudarat,35,10836
Sultan Kudarat,36,11277
Sultan Kudarat,37,11795
Sultan Kudarat,38,10279
Sultan Kudarat,39,10416
Sultan Kudarat,40,9320
Sultan Kudarat,41,9331
Sultan Kudarat,42,10288
Sultan Kudarat,43,10574
Sultan Kudarat,44,9434
Sultan Kudarat,45,8780
Sultan Kudarat,46,8692
Sultan Kudarat,47,8499
Sultan Kudarat,48,7976
Sultan Kudarat,49,8592
Sultan Kudarat,50,7764
Sultan Kudarat,51,7580
Sultan Kudarat,52,8268
Sultan Kudarat,53,7975
Sultan Kudarat,54,7283
Sultan Kudarat,55,6533
Sultan Kudarat,56,6268
Sultan Kudarat,57,6392
Sultan Kudarat,58,5878
Sultan Kudarat,59,5763
Sultan Kudarat,60_and_over,71784
Sulu,18,6848
Sulu,19,9554
Sulu,20,8579
Sulu,21,13546
Sulu,22,14270
Sulu,23,11602
Sulu,24,12950
Sulu,25,12655
Sulu,26,11490
Sulu,27,17338
Sulu,28,20965
Sulu,29,16993
Sulu,30,13492
Sulu,31,12290
Sulu,32,11630
Sulu,33,9519
Sulu,34,9463
Sulu,35,9064
Sulu,36,8841
Sulu,37,9646
Sulu,38,8456
Sulu,39,8835
Sulu,40,7928
Sulu,41,7675
Sulu,42,8491
Sulu,43,6999
Sulu,44,7015
Sulu,45,6590
Sulu,46,6638
Sulu,47,7167
Sulu,48,6592
Sulu,49,7736
Sulu,50,6741
Sulu,51,6024
Sulu,52,6878
Sulu,53,5299
Sulu,54,5365
Sulu,55,4429
Sulu,56,4090
Sulu,57,4834
Sulu,58,4010
Sulu,59,4855
Sulu,60_and_over,49990
Surigao Del Norte,18,10362
Surigao Del Norte,19,11162
Surigao Del Norte,20,11413
Surigao Del Norte,21,11649
Surigao Del Norte,22,11559
Surigao Del Norte,23,10955
Surigao Del Norte,24,11301
Surigao Del Norte,25,10182
Surigao Del Norte,26,10526
Surigao Del Norte,27,10048
Surigao Del Norte,28,9894
Surigao Del Norte,29,10291
Surigao Del Norte,30,10003
Surigao Del Norte,31,10206
Surigao Del Norte,32,9123
Surigao Del Norte,33,9235
Surigao Del Norte,34,9111
Surigao Del Norte,35,8298
Surigao Del Norte,36,7774
Surigao Del Norte,37,7702
Surigao Del Norte,38,7651
Surigao Del Norte,39,7606
Surigao Del Norte,40,7099
Surigao Del Norte,41,6928
Surigao Del Norte,42,7126
Surigao Del Norte,43,6685
Surigao Del Norte,44,6796
Surigao Del Norte,45,6404
Surigao Del Norte,46,6351
Surigao Del Norte,47,6098
Surigao Del Norte,48,6166
Surigao Del Norte,49,6124
Surigao Del Norte,50,5653
Surigao Del Norte,51,5576
Surigao Del Norte,52,5815
Surigao Del Norte,53,5811
Surigao Del Norte,54,5064
Surigao Del Norte,55,5050
Surigao Del Norte,56,4624
Surigao Del Norte,57,5354
Surigao Del Norte,58,4813
Surigao Del Norte,59,4552
Surigao Del Norte,60_and_over,59756
Surigao Del Sur,18,11746
Surigao Del Sur,19,12442
Surigao Del Sur,20,12991
Surigao Del Sur,21,14045
Surigao Del Sur,22,12933
Surigao Del Sur,23,12102
Surigao Del Sur,24,12657
Surigao Del Sur,25,11759
Surigao Del Sur,26,11751
Surigao Del Sur,27,12188
Surigao Del Sur,28,11461
Surigao Del Sur,29,11693
Surigao Del Sur,30,11434
Surigao Del Sur,31,11515
Surigao Del Sur,32,10515
Surigao Del Sur,33,10603
Surigao Del Sur,34,10339
Surigao Del Sur,35,9256
Surigao Del Sur,36,8607
Surigao Del Sur,37,8572
Surigao Del Sur,38,8580
Surigao Del Sur,39,8517
Surigao Del Sur,40,7823
Surigao Del Sur,41,7745
Surigao Del Sur,42,7870
Surigao Del Sur,43,7544
Surigao Del Sur,44,7179
Surigao Del Sur,45,7057
Surigao Del Sur,46,6917
Surigao Del Sur,47,6736
Surigao Del Sur,48,6539
Surigao Del Sur,49,7143
Surigao Del Sur,50,6425
Surigao Del Sur,51,6156
Surigao Del Sur,52,6675
Surigao Del Sur,53,6510
Surigao Del Sur,54,5863
Surigao Del Sur,55,5960
Surigao Del Sur,56,5710
Surigao Del Sur,57,5848
Surigao Del Sur,58,5770
Surigao Del Sur,59,5500
Surigao Del Sur,60_and_over,70394
Tarlac,18,14364
Tarlac,19,20189
Tarlac,20,21190
Tarlac,21,23455
Tarlac,22,22777
Tarlac,23,21763
Tarlac,24,23364
Tarlac,25,23478
Tarlac,26,22962
Tarlac,27,22879
Tarlac,28,22651
Tarlac,29,22556
Tarlac,30,22239
Tarlac,31,22521
Tarlac,32,21417
Tarlac,33,19823
Tarlac,34,20293
Tarlac,35,19124
Tarlac,36,18209
Tarlac,37,17882
Tarlac,38,18050
Tarlac,39,17977
Tarlac,40,17821
Tarlac,41,17524
Tarlac,42,17550
Tarlac,43,17403
Tarlac,44,16183
Tarlac,45,15812
Tarlac,46,15535
Tarlac,47,14812
Tarlac,48,14798
Tarlac,49,15448
Tarlac,50,14582
Tarlac,51,14508
Tarlac,52,15007
Tarlac,53,14432
Tarlac,54,13567
Tarlac,55,13039
Tarlac,56,12754
Tarlac,57,12158
Tarlac,58,12052
Tarlac,59,11599
Tarlac,60_and_over,142887
Tawi-Tawi,18,4603
Tawi-Tawi,19,6429
Tawi-Tawi,20,6022
Tawi-Tawi,21,6953
Tawi-Tawi,22,7964
Tawi-Tawi,23,6099
Tawi-Tawi,24,7415
Tawi-Tawi,25,7856
Tawi-Tawi,26,7026
Tawi-Tawi,27,7994
Tawi-Tawi,28,9441
Tawi-Tawi,29,8472
Tawi-Tawi,30,6970
Tawi-Tawi,31,6340
Tawi-Tawi,32,6250
Tawi-Tawi,33,5318
Tawi-Tawi,34,5258
Tawi-Tawi,35,5066
Tawi-Tawi,36,5077
Tawi-Tawi,37,5260
Tawi-Tawi,38,4759
Tawi-Tawi,39,4952
Tawi-Tawi,40,4457
Tawi-Tawi,41,4321
Tawi-Tawi,42,4842
Tawi-Tawi,43,3731
Tawi-Tawi,44,3719
Tawi-Tawi,45,3454
Tawi-Tawi,46,3518
Tawi-Tawi,47,3673
Tawi-Tawi,48,3174
Tawi-Tawi,49,3824
Tawi-Tawi,50,3175
Tawi-Tawi,51,2971
Tawi-Tawi,52,3475
Tawi-Tawi,53,2742
Tawi-Tawi,54,2592
Tawi-Tawi,55,2208
Tawi-Tawi,56,2167
Tawi-Tawi,57,2508
Tawi-Tawi,58,2127
Tawi-Tawi,59,2300
Tawi-Tawi,60_and_over,26343
Zambales,18,9791
Zambales,19,12793
Zambales,20,13950
Zambales,21,15079
Zambales,22,14027
Zambales,23,13430
Zambales,24,14291
Zambales,25,13721
Zambales,26,13605
Zambales,27,13399
Zambales,28,13141
Zambales,29,13389
Zambales,30,13165
Zambales,31,13377
Zambales,32,12763
Zambales,33,12306
Zambales,34,12601
Zambales,35,11977
Zambales,36,10915
Zambales,37,10839
Zambales,38,10788
Zambales,39,10699
Zambales,40,10401
Zambales,41,10448
Zambales,42,10543
Zambales,43,9964
Zambales,44,9540
Zambales,45,9040
Zambales,46,8826
Zambales,47,8440
Zambales,48,8487
Zambales,49,8939
Zambales,50,8598
Zambales,51,8673
Zambales,52,8844
Zambales,53,8620
Zambales,54,8009
Zambales,55,7622
Zambales,56,7568
Zambales,57,7295
Zambales,58,7159
Zambales,59,7218
Zambales,60_and_over,86029
Zamboanga Del Norte,18,17972
Zamboanga Del Norte,19,18918
Zamboanga Del Norte,20,19414
Zamboanga Del Norte,21,21044
Zamboanga Del Norte,22,21083
Zamboanga Del Norte,23,18908
Zamboanga Del Norte,24,20468
Zamboanga Del Norte,25,19956
Zamboanga Del Norte,26,19864
Zamboanga Del Norte,27,20075
Zamboanga Del Norte,28,19548
Zamboanga Del Norte,29,18652
Zamboanga Del Norte,30,19426
Zamboanga Del Norte,31,18653
Zamboanga Del Norte,32,16792
Zamboanga Del Norte,33,17187
Zamboanga Del Norte,34,15833
Zamboanga Del Norte,35,14368
Zamboanga Del Norte,36,14408
Zamboanga Del Norte,37,14271
Zamboanga Del Norte,38,13525
Zamboanga Del Norte,39,14284
Zamboanga Del Norte,40,12968
Zamboanga Del Norte,41,12371
Zamboanga Del Norte,42,13211
Zamboanga Del Norte,43,12942
Zamboanga Del Norte,44,12295
Zamboanga Del Norte,45,11908
Zamboanga Del Norte,46,11607
Zamboanga Del Norte,47,11826
Zamboanga Del Norte,48,11193
Zamboanga Del Norte,49,11977
Zamboanga Del Norte,50,10849
Zamboanga Del Norte,51,11134
Zamboanga Del Norte,52,11673
Zamboanga Del Norte,53,10842
Zamboanga Del Norte,54,10369
Zamboanga Del Norte,55,9933
Zamboanga Del Norte,56,9697
Zamboanga Del Norte,57,10037
Zamboanga Del Norte,58,9596
Zamboanga Del Norte,59,9222
Zamboanga Del Norte,60_and_over,118244
Zamboanga Del Sur,18,22615
Zamboanga Del Sur,19,26945
Zamboanga Del Sur,20,28622
Zamboanga Del Sur,21,31350
Zamboanga Del Sur,22,32121
Zamboanga Del Sur,23,30283
Zamboanga Del Sur,24,32128
Zamboanga Del Sur,25,31543
Zamboanga Del Sur,26,31054
Zamboanga Del Sur,27,31193
Zamboanga Del Sur,28,31204
Zamboanga Del Sur,29,30581
Zamboanga Del Sur,30,29589
Zamboanga Del Sur,31,28996
Zamboanga Del Sur,32,26738
Zamboanga Del Sur,33,27068
Zamboanga Del Sur,34,25749
Zamboanga Del Sur,35,23328
Zamboanga Del Sur,36,22291
Zamboanga Del Sur,37,22340
Zamboanga Del Sur,38,21818
Zamboanga Del Sur,39,22102
Zamboanga Del Sur,40,21072
Zamboanga Del Sur,41,21245
Zamboanga Del Sur,42,22061
Zamboanga Del Sur,43,21297
Zamboanga Del Sur,44,20257
Zamboanga Del Sur,45,19564
Zamboanga Del Sur,46,19260
Zamboanga Del Sur,47,19067
Zamboanga Del Sur,48,18210
Zamboanga Del Sur,49,18710
Zamboanga Del Sur,50,17479
Zamboanga Del Sur,51,17516
Zamboanga Del Sur,52,18457
Zamboanga Del Sur,53,17202
Zamboanga Del Sur,54,15987
Zamboanga Del Sur,55,15121
Zamboanga Del Sur,56,15262
Zamboanga Del Sur,57,15099
Zamboanga Del Sur,58,14676
Zamboanga Del Sur,59,14317
Zamboanga Del Sur,60_and_over,166808
Zamboanga Sibugay,18,10571
Zamboanga Sibugay,19,11722
Zamboanga Sibugay,20,11359
Zamboanga Sibugay,21,12455
Zamboanga Sibugay,22,11887
Zamboanga Sibugay,23,10633
Zamboanga Sibugay,24,11817
Zamboanga Sibugay,25,11365
Zamboanga Sibugay,26,11201
Zamboanga Sibugay,27,11945
Zamboanga Sibugay,28,12312
Zamboanga Sibugay,29,11202
Zamboanga Sibugay,30,11661
Zamboanga Sibugay,31,11025
Zamboanga Sibugay,32,10277
Zamboanga Sibugay,33,10608
Zamboanga Sibugay,34,10111
Zamboanga Sibugay,35,8819
Zamboanga Sibugay,36,8459
Zamboanga Sibugay,37,8502
Zamboanga Sibugay,38,8230
Zamboanga Sibugay,39,8220
Zamboanga Sibugay,40,7885
Zamboanga Sibugay,41,7509
Zamboanga Sibugay,42,7740
Zamboanga Sibugay,43,7460
Zamboanga Sibugay,44,7153
Zamboanga Sibugay,45,7055
Zamboanga Sibugay,46,6660
Zamboanga Sibugay,47,6765
Zamboanga Sibugay,48,6267
Zamboanga Sibugay,49,6581
Zamboanga Sibugay,50,6109
Zamboanga Sibugay,51,5920
Zamboanga Sibugay,52,6526
Zamboanga Sibugay,53,6319
Zamboanga Sibugay,54,5699
Zamboanga Sibugay,55,5370
Zamboanga Sibugay,56,5141
Zamboanga Sibugay,57,5341
Zamboanga Sibugay,58,5172
Zamboanga Sibugay,59,5004
Zamboanga Sibugay,60_and_over,60005
